molecule,smiles,qed,sas,logp,tpsa,validity,unique,novelty
<rdkit.Chem.rdchem.Mol object at 0x14d506e0ce20>,CN(CCN(C)C(=O)c1ccc(OCC2CC2)cc1)CC(=O)Nc1c(Cl)cccc1Cl,0.5655722434767377,2.2921632742642952,4.424700000000003,61.879999999999995,0.984,1.0,0.964
<rdkit.Chem.rdchem.Mol object at 0x14d506df5340>,CNC(=O)C1C2CON(C2)C1C(=O)O,0.5776206559150132,5.192809373534417,-1.3211999999999993,78.87,0.984,1.0,0.964
<rdkit.Chem.rdchem.Mol object at 0x14d506de7400>,COc1ccc2c(CCCCN3CCN4c5cccc(O)c5CC(C)C4C3)cccc2c1[N+](=O)[O-],0.2886166841630446,3.5699701077857835,5.167900000000006,79.08,0.984,1.0,0.964
<rdkit.Chem.rdchem.Mol object at 0x14d506d3f1c0>,COc1ccc(C=CC(=O)c2ccc(-n3c(C)cc4c3CCCC4=O)cc2)cc1OC,0.40920966362348926,2.3629047525534475,5.2180200000000045,57.53,0.984,1.0,0.964
<rdkit.Chem.rdchem.Mol object at 0x14d506e5e4c0>,COc1ccc2oc3c(OC)cc4occc4c3c(=O)c2c1,0.5276165120862069,2.394571708835109,3.709600000000002,61.81,0.984,1.0,0.964
<rdkit.Chem.rdchem.Mol object at 0x14d506e5b8e0>,CCSc1nn(-c2nnc3[nH]c(N)nn23)c(C)c1C(C)=NNC(=S)Nc1ccc(OC)cc1,0.13298306512276714,3.410568092544522,2.35992,148.35999999999999,0.984,1.0,0.964
<rdkit.Chem.rdchem.Mol object at 0x14d506e2e700>,COc1nc(Nc2ccc(F)c(F)c2)nc(C(Cl)(Cl)Cl)n1,0.8502392623985331,2.610337547557675,3.728700000000001,59.93,0.984,1.0,0.964
<rdkit.Chem.rdchem.Mol object at 0x14d506e9cd60>,CN(C)C(=O)c1ccc(CCC2OC(=O)NC2=O)cc1,0.888243124888857,2.782174111066041,0.9559999999999997,75.71000000000001,0.984,1.0,0.964
<rdkit.Chem.rdchem.Mol object at 0x14d506e9af40>,CC(C)CCNC(=O)CC(Cl)Cn1cnc2c(Cl)c(Cl)c(Cl)cc21,0.5058589110231532,3.379777058341329,5.156300000000004,46.92,0.984,1.0,0.964
<rdkit.Chem.rdchem.Mol object at 0x14d506e8d400>,Cc1c(C(=O)NCCN2CCc3ccccc3C2)csc1C(=O)OC(C)C,0.7732162433403836,2.4661516703400466,3.4098200000000025,58.64,0.984,1.0,0.964
<rdkit.Chem.rdchem.Mol object at 0x14d506e27400>,CCCCNC(=N)NN=Cc1ccc(Cl)cc1,0.32651292941046856,2.3721348510713263,2.5879700000000003,60.27,0.984,1.0,0.964
<rdkit.Chem.rdchem.Mol object at 0x14d506e9fbe0>,CN1C(=N)NC(C)(c2sc(-c3cncc(-c4cncc(F)c4)c3)cc2Cl)CS1(=O)=O,0.6143406962100687,4.0104716356316,3.679370000000003,99.03999999999999,0.984,1.0,0.964
<rdkit.Chem.rdchem.Mol object at 0x14d506e85760>,COc1cc(N2CCN(C(C)=O)CC2)ccc1N=c1[nH]c(Nc2ccc(N3CCN(CC(=O)NCCO)CC3)cc2OC)ncc1Cl,0.23898215046671284,3.2084123660188766,1.9553000000000011,150.89,0.984,1.0,0.964
<rdkit.Chem.rdchem.Mol object at 0x14d506e7c6a0>,CCCCNc1nc(C#N)nc2c(C)cccc12,0.8343151537007623,2.351239860381055,3.0219000000000014,61.6,0.984,1.0,0.964
<rdkit.Chem.rdchem.Mol object at 0x14d506e79040>,Cc1nc2c(C(=O)NC(Cc3ccccc3)C(O)CN(CC(C)C)S(=O)(=O)c3cccc4nsnc34)cccc2[nH]1,0.21108250703746292,3.59772869366057,3.924920000000003,141.17,0.984,1.0,0.964
<rdkit.Chem.rdchem.Mol object at 0x14d506e8b040>,COC(=O)NN(CC(=O)O)C(=O)COc1ccc(Cc2ccccc2)cc1,0.7187677798502279,2.2703123990849843,1.8403999999999998,105.17,0.984,1.0,0.964
<rdkit.Chem.rdchem.Mol object at 0x14d506ecd100>,CC(NCc1ccco1)C(=O)Nc1ccc(OCCN2CCCCC2)cc1,0.7082002863468349,2.4973729470709145,3.2611000000000026,66.74,0.984,1.0,0.964
<rdkit.Chem.rdchem.Mol object at 0x14d506e77520>,CCN(CC)C(=O)c1cc(NC(=O)C23CC4CC(CC(C4)C2)C3)c2ccccc2n1,0.7717267384679601,3.608423376845666,4.871700000000004,62.300000000000004,0.984,1.0,0.964
<rdkit.Chem.rdchem.Mol object at 0x14d506ecadc0>,CC1CCC(NC(=O)CNc2ccc(C(=N)N)cc2F)CC1,0.496387352914818,2.2439147821552314,2.21657,91.0,0.984,1.0,0.964
<rdkit.Chem.rdchem.Mol object at 0x14d506eae400>,CC(=O)NCC1CN(c2ccc3[nH]ccc3c2)C(=O)O1,0.8921817958783186,2.834133846067882,1.6291999999999998,74.43,0.984,1.0,0.964
<rdkit.Chem.rdchem.Mol object at 0x14d506e66f40>,Cc1cc(O)nc(SCC(=O)N2CCCCC2)n1,0.6652707806341902,2.2475240232769824,1.5952199999999999,66.32000000000001,0.984,1.0,0.964
<rdkit.Chem.rdchem.Mol object at 0x14d506f5c8e0>,Cc1nc(C2CCCN2CCNC(=O)C2CCCCC2)no1,0.9028094652617761,2.915053110798423,2.2114199999999995,71.26,0.984,1.0,0.964
<rdkit.Chem.rdchem.Mol object at 0x14d506ec68e0>,COc1ccc(O)c(C(=O)c2c(-c3ccc(OC)c(OC)c3)[nH]c3ccccc23)c1,0.45226809131197404,2.1990946662223543,4.797300000000003,80.78,0.984,1.0,0.964
<rdkit.Chem.rdchem.Mol object at 0x14d506f56220>,CCCCC1(CCCC)CS(=O)(=O)c2cc(CCC(=O)O)ccc2C(c2ccccc2)N1,0.5064643051950207,3.297430967161448,5.289300000000004,83.47,0.984,1.0,0.964
<rdkit.Chem.rdchem.Mol object at 0x14d506f48760>,CC(C)(C)C(=O)c1cn(CCCCO)c2nc(Nc3ccc(S(=O)(=O)N4CCNCC4)cc3OC(F)(F)F)nc(F)c2c1=O,0.12974217935546722,3.3822271717379824,3.168000000000001,155.75,0.984,1.0,0.964
<rdkit.Chem.rdchem.Mol object at 0x14d506f41ca0>,CC(=O)NC(CC(=O)O)C(=O)NC(CO)C(=O)NC(Cc1ccccc1)C(=O)NCc1ccccc1,0.21555922116246914,3.053008020532789,-0.5131999999999948,173.93,0.984,1.0,0.964
<rdkit.Chem.rdchem.Mol object at 0x14d506f394c0>,COc1ccc(-n2nc(C(N)=O)c3c2C(=O)N(c2ccc(C4(CN5CCCC5)CC4)cc2)CC3)cc1,0.554255670321238,2.726865548596985,3.310100000000001,93.69,0.984,1.0,0.964
<rdkit.Chem.rdchem.Mol object at 0x14d506f29460>,CCc1nn(Cc2ccc(NC(=O)c3ccc(Cl)c(Cl)c3)cc2)c(CC)c1CC(=O)O,0.48154432535568725,2.347752361920824,5.242400000000004,84.22,0.984,1.0,0.964
<rdkit.Chem.rdchem.Mol object at 0x14d506f4a880>,CC(=O)Nc1ccc(-c2ncnc(Nc3cccnc3O)n2)cc1,0.6753414318204256,2.401618088270956,2.3411999999999997,112.92,0.984,1.0,0.964
<rdkit.Chem.rdchem.Mol object at 0x14d506f70460>,CN(C)c1ccc(C(=C2CC3CCC(C2)N3C)c2ccc(O)cc2)cc1,0.8835277042138314,3.84488252748152,4.516700000000005,26.71,0.984,1.0,0.964
<rdkit.Chem.rdchem.Mol object at 0x14d506fde400>,CC(C)=CCc1cc(-c2cn3c4c(sc3n2)CCCC4)ccc1N(C)C,0.567800166537297,2.902379593413764,5.5163000000000055,20.54,0.984,1.0,0.964
<rdkit.Chem.rdchem.Mol object at 0x14d506f9c100>,C=C1NC(=O)C(C)=C1O,0.49382394493563336,3.42917984669044,0.4619,49.33,0.984,1.0,0.964
<rdkit.Chem.rdchem.Mol object at 0x14d506fd4be0>,Cc1ccc(-n2nc3ccc(C(=O)NCc4ccccc4Cl)cc3n2)cc1,0.5769063553163628,2.027788092015536,4.312320000000002,59.81,0.984,1.0,0.964
<rdkit.Chem.rdchem.Mol object at 0x14d506f7aca0>,CC(c1nc2c(cnn2C2CCCC2)c(=O)[nH]1)N1CC(Oc2ccc(F)cc2F)C1,0.6918264977372093,3.2941372846530257,3.337100000000002,76.04,0.984,1.0,0.964
<rdkit.Chem.rdchem.Mol object at 0x14d506fd0d00>,CNC(=O)c1ccc2c(c1)ncn2-c1ccc(OC)c(C(F)(F)F)c1,0.7883541434795426,2.257157590691694,3.4125000000000014,56.150000000000006,0.984,1.0,0.964
<rdkit.Chem.rdchem.Mol object at 0x14d506fd0e80>,COc1ccc(C2C(C(=O)Nc3ccc4c(c3)OCCO4)c3ccc(-c4ccc(F)cc4)cc3C(=O)N2C)cc1OC,0.31510995902934436,3.3035963957777117,5.8303000000000065,86.33000000000001,0.984,1.0,0.964
<rdkit.Chem.rdchem.Mol object at 0x14d506fcba60>,COC(=O)C12CCCC(C)(C)C1C1=CCC3C4(C)Cc5c([nH]c6ccccc56)C(C)(C)C4CCC3(C)C1(C)CC2,0.2888096842016622,4.770837570044884,9.156300000000002,42.09,0.984,1.0,0.964
<rdkit.Chem.rdchem.Mol object at 0x14d506fc2160>,CN1CC(N2CCC(Cc3ccc(Cc4ccc(I)cc4)cc3)CC2)CCC1=O,0.5511438246087436,2.854386673759265,4.757300000000004,23.55,0.984,1.0,0.964
<rdkit.Chem.rdchem.Mol object at 0x14d506fc1880>,CCOc1ccccc1CNC(=O)c1cn(CC)c2ccc(S(=O)(=O)N3CCOCC3)cc2c1=O,0.510067290631529,2.401918258593522,2.3710000000000004,106.94,0.984,1.0,0.964
<rdkit.Chem.rdchem.Mol object at 0x14d506fbcdc0>,COc1ccc(CNc2nc(Nc3ccc(OC)cc3)nc(Nc3ccccc3C#N)n2)cc1,0.3264802698383749,2.284863609905532,4.859780000000002,117.01,0.984,1.0,0.964
<rdkit.Chem.rdchem.Mol object at 0x14d506fb33a0>,CC(=O)c1cc(NC(=O)c2ccnc(C(C)(C)C#N)c2)cc(C(C)=O)c1,0.8322344498332842,2.494030588364758,3.5402800000000028,99.91999999999999,0.984,1.0,0.964
<rdkit.Chem.rdchem.Mol object at 0x14d506fab640>,CC1C2Cc3ccc(C(=O)NC(CCCN=C(N)N)C(=O)NCC(=O)O)cc3C1(C)CCC2C(=O)O,0.15207698020663057,4.74883724996741,0.6001000000000041,197.19999999999996,0.984,1.0,0.964
<rdkit.Chem.rdchem.Mol object at 0x14d50701cb80>,Cc1[nH]c2ccc(CN3CCCCC3)cc2c1C,0.8490097258284801,1.9528580295422096,3.770640000000003,19.03,0.984,1.0,0.964
<rdkit.Chem.rdchem.Mol object at 0x14d506fab700>,CC(=O)n1ccnc1CN1CCC(NC(=O)CNC(=O)c2ccc(C(F)(F)F)c(Cl)c2)CC1,0.6556273627215634,2.664614840833453,2.726000000000001,96.33000000000001,0.984,1.0,0.964
<rdkit.Chem.rdchem.Mol object at 0x14d507014880>,CCCC(=O)Nc1ccc(N2C(=O)C3CC=CCC3C2=O)cc1Cl,0.6695228981177588,2.9946346790668414,3.534200000000002,66.48,0.984,1.0,0.964
<rdkit.Chem.rdchem.Mol object at 0x14d506ffa340>,COc1ccc(C(=O)Nc2nnc(Cc3ccccc3)o2)cc1,0.7838162652843568,1.8468936191276804,2.9213000000000013,77.25,0.984,1.0,0.964
<rdkit.Chem.rdchem.Mol object at 0x14d506ff51c0>,COc1ccc2nccc(C(O)CN3CCC(NCc4ncccc4C)CC3)c2c1,0.6277962504140754,2.8799993848246572,3.234420000000002,70.51,0.984,1.0,0.964
<rdkit.Chem.rdchem.Mol object at 0x14d5070147c0>,COc1ccc(CN=C(O)Nc2ccc(Oc3ccnc(-c4cc(C(=O)NCC#N)c[nH]4)c3)cc2)cc1F,0.1426678078932741,3.008647470062548,4.796180000000002,144.64999999999998,0.984,1.0,0.964
<rdkit.Chem.rdchem.Mol object at 0x14d507012fa0>,CCCCC(NC(=O)C(Cc1ccccc1)NOC(=O)CNC(=O)C(N)Cc1ccccc1)C(=O)NC(B1OC2CC3CC(C3(C)C)C2(C)O1)C(C)(C)C,0.11947857787623735,5.68047913087869,3.8051000000000075,170.10999999999999,0.984,1.0,0.964
<rdkit.Chem.rdchem.Mol object at 0x14d506fef1c0>,CC(C)CC(NC(=O)C(Cc1c[nH]c2ccccc12)NC(=O)C(CC(N)=O)NC(=O)OCCc1ccccc1)C(=O)OCc1ccccc1,0.10633189319595704,3.589674924060147,3.682400000000003,181.70999999999998,0.984,1.0,0.964
<rdkit.Chem.rdchem.Mol object at 0x14d506fef160>,COc1cc2c(c(OC)c1OC)-c1ccc(OC)c(=O)cc1C(NC(=O)C(O)C(C)CC(C)C)CC2,0.5394445914248095,3.703717882385221,3.8948000000000027,103.32000000000001,0.984,1.0,0.964
<rdkit.Chem.rdchem.Mol object at 0x14d506fefdc0>,CCOP(=O)(OCC)C(NC(=O)c1ccccc1F)C(Cl)(Cl)Cl,0.5340972378585558,3.124553814889408,4.517900000000004,64.63,0.984,1.0,0.964
<rdkit.Chem.rdchem.Mol object at 0x14d506feeb20>,COC(=O)C(CC(C)C)NP(=O)(COCc1ccc([N+](=O)[O-])cc1)Oc1ccc([N+](=O)[O-])cc1C,0.17286506448782446,3.5983574195266748,4.734920000000004,160.14000000000001,0.984,1.0,0.964
<rdkit.Chem.rdchem.Mol object at 0x14d506fe6940>,COc1ccc(-c2ccc(C#N)c(O)n2)cc1,0.8529679094361841,2.150489658763634,2.33448,66.14,0.984,1.0,0.964
<rdkit.Chem.rdchem.Mol object at 0x14d5070574c0>,CCOC(=O)C1=C(O)CC(C[S+]([O-])c2cccc3ccc(F)cc23)CC1=O,0.4800936195121661,4.017925852988323,3.440800000000002,86.66,0.984,1.0,0.964
<rdkit.Chem.rdchem.Mol object at 0x14d5070560a0>,CC(C)n1cnc(S(=O)(=O)N(Cc2ccccn2)C2Cc3cc(C#N)ccc3N(Cc3cncn3C)C2)c1,0.3435122598241176,3.715672371139517,3.2865800000000016,112.94,0.984,1.0,0.964
<rdkit.Chem.rdchem.Mol object at 0x14d50703d880>,CC1=C(C)C(=O)OC(C(C)(O)C2(O)CCC3C4CC5OC56C=CCC(=O)C6(C)C4CCC32C)C1,0.3634231628314071,5.964053687705376,3.6395000000000026,96.36000000000001,0.984,1.0,0.964
<rdkit.Chem.rdchem.Mol object at 0x14d50703a520>,CCCCc1nc(SC)c(C(=O)O)n1Cc1ccc(-c2ccccc2S(=O)(=O)Nc2onc(C)c2C)cc1,0.22385879801150052,2.801374573563164,5.766740000000005,127.32,0.984,1.0,0.964
<rdkit.Chem.rdchem.Mol object at 0x14d50705ed60>,CCc1ncc(Cc2ccc3cccc(OC)c3n2)c2cc(OC)c(OC)cc12,0.4671365136757989,2.48198762773068,4.962000000000005,53.47000000000001,0.984,1.0,0.964
<rdkit.Chem.rdchem.Mol object at 0x14d50708d5e0>,COCCCNC(=O)C(C#N)=Cc1cn(Cc2ccccc2)c2cccc(OC)c12,0.335309810236515,2.4317076642229853,3.7578800000000028,76.28,0.984,1.0,0.964
<rdkit.Chem.rdchem.Mol object at 0x14d50702ba60>,COc1ccc(CN(C)C(=O)c2ccc3[nH]c4c(c3c2)CCC(C)C4)cc1,0.7386359448641395,2.671595666124013,4.573500000000004,45.33,0.984,1.0,0.964
<rdkit.Chem.rdchem.Mol object at 0x14d5070a4fa0>,CC(C)CN(Cc1nccn1C)C(=O)Cc1cc(C(F)(F)F)ccc1-n1cncn1,0.5885342275984845,2.7859329762043625,3.246900000000002,68.84,0.984,1.0,0.964
<rdkit.Chem.rdchem.Mol object at 0x14d507089220>,Cc1cc(C2CCCN2c2nc(N3CCC(C)CC3)cnc2C(=O)N(C)C)on1,0.7830588889182915,3.379839286999683,3.052620000000002,78.60000000000001,0.984,1.0,0.964
<rdkit.Chem.rdchem.Mol object at 0x14d507078b20>,COc1ccc(F)cc1C1C(C(=O)C(C)(C)C)C(=O)C(=O)N1c1ccncc1,0.5979755473348118,3.359465921642924,3.117700000000002,76.57000000000001,0.984,1.0,0.964
<rdkit.Chem.rdchem.Mol object at 0x14d50708b640>,Cc1ccc(NC(=O)NCc2ccc(S(N)(=O)=O)cc2)cc1,0.8025913292019766,1.6682598010707395,1.9641200000000003,101.28999999999999,0.984,1.0,0.964
<rdkit.Chem.rdchem.Mol object at 0x14d5070bf2e0>,C=CCn1c(SCC(=O)N2CCCC2)nc2c(oc3ccccc32)c1=O,0.39278188850237933,2.4143821048482756,3.0432000000000015,68.34,0.984,1.0,0.964
<rdkit.Chem.rdchem.Mol object at 0x14d5070758e0>,CC(C)=CCCC(C)=CCCC(C)=CCSc1ccc(CN(C)C)cc1C(=O)OCCN(C)C,0.1517013813048778,3.003842630884555,6.977900000000009,32.78,0.984,1.0,0.964
<rdkit.Chem.rdchem.Mol object at 0x14d5070c1580>,Cc1cc(NS(=O)(=O)c2ccc(NC(=O)c3cccc4cccnc34)cc2)no1,0.5216127308985644,2.16722951837016,3.5843200000000017,114.19000000000001,0.984,1.0,0.964
<rdkit.Chem.rdchem.Mol object at 0x14d5070b8c40>,CCC(O)(c1ccc(Oc2ccc(C(F)(F)F)cc2)cc1)c1nnn[nH]1,0.7218723143132294,3.1255433085389734,3.6567000000000025,83.91999999999999,0.984,1.0,0.964
<rdkit.Chem.rdchem.Mol object at 0x14d5070b6040>,Cc1ccc(NC2=NS(=O)(=O)C(CC(=O)Nc3ccccc3C)=C2c2cccs2)cc1,0.5739902639167018,2.715954927378622,4.958840000000004,87.63,0.984,1.0,0.964
<rdkit.Chem.rdchem.Mol object at 0x14d5070b4760>,CN(Cc1cnc2nc(N)nc(N)c2n1)c1ccc(C(=O)NC(CCC(=O)O)C(=O)O)cc1,0.29472034504927447,3.08655628876042,0.2684000000000012,210.53999999999996,0.984,1.0,0.964
<rdkit.Chem.rdchem.Mol object at 0x14d507124580>,CC1=C(C(=O)NCc2ccccc2F)CC(CC(=O)N2CCOCC2)C(=O)N1C(C)C(=O)NCCc1ccccc1,0.4614016664228582,3.518849781193728,2.5606999999999998,108.05000000000001,0.984,1.0,0.964
<rdkit.Chem.rdchem.Mol object at 0x14d5070b2d00>,CCN(CC)C1CC1(c1ccccc1)c1cccc(O)c1,0.9009807637852545,3.2414992038901635,3.7924000000000024,23.47,0.984,1.0,0.964
<rdkit.Chem.rdchem.Mol object at 0x14d507116220>,COc1cc(C2C(C(=O)O)=C(C)N=C3SCCC(=O)N32)cc(OC)c1OC,0.8218057982126498,3.0658473279756766,2.4472000000000005,97.66000000000001,0.984,1.0,0.964
<rdkit.Chem.rdchem.Mol object at 0x14d507109100>,Cc1occc1C(=O)N1CCC2OCCN(c3nc4cc(F)ccc4[nH]3)C2C1,0.7354206818661798,3.5582369742745037,2.72332,74.60000000000001,0.984,1.0,0.964
<rdkit.Chem.rdchem.Mol object at 0x14d507106ac0>,CN1CCN(c2ncnc3c(Sc4ccncc4)nc(SC(C)(C)C)nc23)CC1,0.3526190494652237,3.008423401595368,3.6084000000000023,70.93,0.984,1.0,0.964
<rdkit.Chem.rdchem.Mol object at 0x14d5070fdca0>,Cc1cccc(-n2ncc3c(=O)n(CC(=O)Nc4cc(C(C)(C)C)ccc4N4CCOCC4)cnc32)n1,0.4478741243160451,2.700011450114202,3.0584200000000017,107.17,0.984,1.0,0.964
<rdkit.Chem.rdchem.Mol object at 0x14d507106700>,CC12CCCC1C=CCC2C(=O)NCCCCCCCCCNC(=O)c1ccccc1C(=O)CC1(C)C2CCC(C2)C1(C)C,0.11980280755084897,5.227662210600332,8.681000000000004,75.27000000000001,0.984,1.0,0.964
<rdkit.Chem.rdchem.Mol object at 0x14d507106760>,Cc1ccc(CS(=O)(=O)NC(C#N)c2ccco2)cc1,0.9152574657781655,2.873137272904202,2.2723000000000004,83.10000000000001,0.984,1.0,0.964
<rdkit.Chem.rdchem.Mol object at 0x14d5070fbe20>,CCOC(=O)c1c[nH]c2ncnc(N3CCN(S(=O)(=O)c4ccc(C(C)(C)C)cc4)CC3)c12,0.5700266810210368,2.5363587711506277,2.9430000000000014,108.48999999999998,0.984,1.0,0.964
<rdkit.Chem.rdchem.Mol object at 0x14d5070eb6a0>,Cc1nnc(CNc2sc(-c3ccc(C(C)C)cc3)nc2C#N)o1,0.7524275739145332,2.7894945686959005,4.1087000000000025,87.63000000000001,0.984,1.0,0.964
<rdkit.Chem.rdchem.Mol object at 0x14d5070ee520>,C=CC(=O)Nc1cc2c(Nc3ccc(Br)cc3F)ncnc2cc1CCCN1CCOCC1,0.42598579660452734,2.717890276167351,4.664300000000003,79.38,0.984,1.0,0.964
<rdkit.Chem.rdchem.Mol object at 0x14d5071487c0>,CC(=O)c1cccc(NC(=O)c2[nH]c(C)c(C(C)=O)c2C)c1,0.8500193675531394,2.0125856779168743,3.2890400000000017,79.03,0.984,1.0,0.964
<rdkit.Chem.rdchem.Mol object at 0x14d507148580>,COc1cccc(NC(=O)c2cc(-c3ccc(Cl)cc3)on2)c1OC,0.7370743201674836,2.023071387855948,4.264500000000003,73.59,0.984,1.0,0.964
<rdkit.Chem.rdchem.Mol object at 0x14d507155ca0>,CC(=O)Nc1ccc2nc3cc(NC(=S)NC(=O)c4ccccc4)ccc3cc2c1,0.3402442838091725,2.098995857425132,4.473200000000002,83.12,0.984,1.0,0.964
<rdkit.Chem.rdchem.Mol object at 0x14d5071424c0>,Cc1cc(C)n(CC2CCCCN2C(=O)c2cc(C)on2)n1,0.8735279119466839,2.89843039832944,2.4912600000000005,64.16,0.984,1.0,0.964
<rdkit.Chem.rdchem.Mol object at 0x14d507135220>,CC(=CCC(O)c1cc(C)cc(C)c1O)C(=O)O,0.7172226883389285,3.060101475634678,2.46344,77.76,0.984,1.0,0.964
<rdkit.Chem.rdchem.Mol object at 0x14d5071486a0>,CC(=O)OC1CCC2(C)C(CCC3(O)C2C(=O)C=C2C4CC(C)(C(=O)OC(C)(C)C)CCC4(C)CCC23C)C1(C)C(=O)O,0.3761223006952715,5.216305769371413,6.0300000000000065,127.2,0.984,1.0,0.964
<rdkit.Chem.rdchem.Mol object at 0x14d50719a460>,CC(C)C1=CC23CC1CC(O)C2C1(C)CCC(O)C(C)(C)C1CC3O,0.635470206073986,6.051330311201326,3.5239000000000025,60.69,0.984,1.0,0.964
<rdkit.Chem.rdchem.Mol object at 0x14d50717ec40>,CN1C(=O)c2cccc(NS(=O)(=O)Cc3ccccc3)c2C1=O,0.8673591914426256,2.145221984512295,1.8543,83.55000000000001,0.984,1.0,0.964
<rdkit.Chem.rdchem.Mol object at 0x14d5071371c0>,CC(Oc1cc(=O)n(C)c2ccc(Br)cc12)C(=O)Nc1cccc([N+](=O)[O-])c1,0.4765296984265481,2.726717808389214,3.6152000000000024,103.47,0.984,1.0,0.964
<rdkit.Chem.rdchem.Mol object at 0x14d507178ee0>,CN(C)c1nc(-c2ccccn2)n(C)n1,0.7285150961370936,2.5357298221006204,0.9430999999999998,46.84,0.984,1.0,0.964
<rdkit.Chem.rdchem.Mol object at 0x14d507178400>,CC(=O)c1ccc(NC(=O)CCC(=O)OCC(=O)N2CC(=O)Nc3ccccc32)cc1,0.5197544302824527,2.234567364079851,2.136399999999999,121.88,0.984,1.0,0.964
<rdkit.Chem.rdchem.Mol object at 0x14d507178940>,CC(=O)Nc1cc(OC2CCCCC2)ccc1C(=O)O,0.886493746867208,1.9647460151716576,3.0547000000000013,75.63,0.984,1.0,0.964
<rdkit.Chem.rdchem.Mol object at 0x14d5071d81c0>,CC(C)c1cc(CNCC2CCc3c(n(C)c4ccccc34)C2)no1,0.759177452274811,3.1742619994036936,4.184400000000004,42.99,0.984,1.0,0.964
<rdkit.Chem.rdchem.Mol object at 0x14d507174700>,CCOc1nc(C)cc(C)c1S(=O)(=O)NCCOc1cccc(C(=O)NC2CC2)c1,0.5572586460699297,2.4106421513665506,2.34664,106.62,0.984,1.0,0.964
<rdkit.Chem.rdchem.Mol object at 0x14d5071d82e0>,CCOC(=O)c1ccc(S(=O)(=O)N2CC(C(=O)OCC(=O)c3ccc(OC)c(OCC)c3)=C(c3ccc(C)cc3)C2)cc1,0.21667766454425955,2.666203853079457,4.463220000000004,125.51000000000002,0.984,1.0,0.964
<rdkit.Chem.rdchem.Mol object at 0x14d5071c87c0>,CN(CCNCCCCCc1ccccc1)CCN1c2ccccc2Sc2ccccc21,0.3332870977135882,2.3228203658777176,6.223700000000006,18.509999999999998,0.984,1.0,0.964
<rdkit.Chem.rdchem.Mol object at 0x14d5071cf1c0>,CCCCCCCCC(=O)Nc1ccc2c(c1)C(=O)N(C)C1CCC(CC(=O)O)OC1CO2,0.5063919253609293,3.4607876338869605,4.2310000000000025,105.17000000000002,0.984,1.0,0.964
<rdkit.Chem.rdchem.Mol object at 0x14d5071c8100>,COc1cc(COc2ccc(-c3nnc(-c4ccc(Cl)cc4)o3)cc2)cc(OC)c1OC,0.3410041388223177,2.1092990333658364,5.661800000000005,75.84,0.984,1.0,0.964
<rdkit.Chem.rdchem.Mol object at 0x14d5071ba2e0>,CC(C)=CCCC(C)=CCCC(C)=CCSc1ccc(S(=O)(=O)Nc2nnc(C)s2)cc1[N+](=O)[O-],0.12595883815534778,3.114873678173943,7.066820000000006,115.09,0.984,1.0,0.964
<rdkit.Chem.rdchem.Mol object at 0x14d5071c3460>,CCCCOCCOC1CCC2(C)C(=CCC3C2CCC2(C)C(c4cccnc4)=CCC32)C1,0.30953106758198423,4.217355639264014,7.239600000000008,31.35,0.984,1.0,0.964
<rdkit.Chem.rdchem.Mol object at 0x14d5071af0a0>,COc1cc(-c2c(C)oc3c(OCC(=O)O)c(OC)ccc3c2=O)cc(OC)c1OC,0.5749952379200718,2.4509989072223064,3.2662200000000015,113.66000000000001,0.984,1.0,0.964
<rdkit.Chem.rdchem.Mol object at 0x14d507224fa0>,CCn1cc(C2=NOC(c3ccc(F)cc3)(c3ccc(F)cc3)C2)c(=O)c2cc(F)c(C)nc21,0.4175812577050822,3.0717219578076316,5.210320000000004,56.480000000000004,0.984,1.0,0.964
<rdkit.Chem.rdchem.Mol object at 0x14d507221460>,CCCCOc1cccc(C(=O)N(SSN(C(C)=O)C(N)=O)C(CCCC)C(=O)Nc2c(C)cccc2C)c1,0.15508702444260117,3.6383665521727453,6.260640000000007,122.03999999999999,0.984,1.0,0.964
<rdkit.Chem.rdchem.Mol object at 0x14d507207b20>,Cc1c(NC(=O)C(O)C(O)C(=O)NC2CC(=O)N(c3cccc(Cl)c3Cl)C2=O)ccc(C(=O)O)c1O,0.2758045750334848,3.6468911359174028,0.8142200000000006,193.56999999999996,0.984,1.0,0.964
<rdkit.Chem.rdchem.Mol object at 0x14d507201f40>,COP(=O)(OC)C(Cl)=C(Cl)c1ccncc1,0.7903631737627501,3.237083716851016,3.6712000000000025,48.42,0.984,1.0,0.964
<rdkit.Chem.rdchem.Mol object at 0x14d5071f86a0>,Cn1c(CNc2ccc(Cl)cn2)nnc1SCC(=O)NCCOc1ccc(Cl)cc1Cl,0.319359271928292,2.4285134938121864,4.069700000000003,93.96000000000001,0.984,1.0,0.964
<rdkit.Chem.rdchem.Mol object at 0x14d507640340>,COC1CCN(c2cnc3[nH]cc(-c4cc(CN5CCOCC5)cnc4C)c3n2)CC1,0.6772307189573517,2.8923329512777993,2.7757200000000015,79.4,0.984,1.0,0.964
<rdkit.Chem.rdchem.Mol object at 0x14d507636ca0>,CCCNC(=O)C(Cc1ccc2ccccc2c1)NC(=O)C(Cc1ccc2ccccc2c1)NC(=O)C(C)NC(=O)Cc1cccc2ccccc12,0.10926081987309906,3.574454273447783,6.174600000000005,116.4,0.984,1.0,0.964
<rdkit.Chem.rdchem.Mol object at 0x14d5071b8c40>,COc1ccc(C(=O)N2CCC3OC(Cn4cncn4)CC32)cc1,0.8474674725695046,3.4509360886858786,1.3588999999999998,69.48,0.984,1.0,0.964
<rdkit.Chem.rdchem.Mol object at 0x14d50769ac40>,CC1CCN(S(=O)(=O)c2ccc3c(c2)NC(=O)C(C)S3)CC1,0.8983329738667226,2.8441598455083845,2.5399000000000003,66.48,0.984,1.0,0.964
<rdkit.Chem.rdchem.Mol object at 0x14d507633340>,CC(C)(O)C(F)CN=C(O)c1cnc(-n2ccc3cc(C#N)cnc32)cc1Nc1ccc(F)c(Cl)c1,0.23085878490233896,3.8243066419211242,5.241880000000004,119.35000000000001,0.984,1.0,0.964
<rdkit.Chem.rdchem.Mol object at 0x14d50768db80>,CCCCCNc1nc(C#CCn2cncn2)nc2c1ncn2C(C)C,0.5195550017723362,3.053238104848277,2.6525000000000007,86.34,0.984,1.0,0.964
<rdkit.Chem.rdchem.Mol object at 0x14d5076838e0>,COc1ccc(-c2cc3c(=O)[nH]c(=O)n(CC(F)(F)F)c3[nH]2)cc1,0.7680678752638835,2.56110972706694,2.2558,79.88,0.984,1.0,0.964
<rdkit.Chem.rdchem.Mol object at 0x14d50768d2e0>,Cc1cccc(Nc2nc(-c3ccccn3)cs2)c1,0.7702526560626144,1.946345921546495,4.257120000000002,37.81,0.984,1.0,0.964
<rdkit.Chem.rdchem.Mol object at 0x14d50767e940>,CC(=O)N1CCN(c2ccc(CNC(=O)c3ncccc3O)cc2)CC1,0.8665015246674718,2.0530602586944298,1.3856999999999995,85.77000000000001,0.984,1.0,0.964
<rdkit.Chem.rdchem.Mol object at 0x14d50767e400>,CC(=O)Nc1cccc(-c2ccc3ncnc(Nc4cccc(CN5CCOCC5)c4)c3c2)c1,0.43533062099758174,2.2691075539614793,4.831000000000003,79.38,0.984,1.0,0.964
<rdkit.Chem.rdchem.Mol object at 0x14d50767d1c0>,CCn1c(CC(=O)Nc2cccc(C(F)(F)F)c2)nnc1SCC(=O)Nc1ccc(OC)cc1OC,0.3828434700685156,2.3655215710017625,4.246000000000002,107.37,0.984,1.0,0.964
<rdkit.Chem.rdchem.Mol object at 0x14d507674ac0>,Cc1cccc(NC(=O)c2nc(C(C)C)n(C)n2)n1,0.9132221217148426,2.4859714287316166,1.8942199999999998,72.7,0.984,1.0,0.964
<rdkit.Chem.rdchem.Mol object at 0x14d5076710a0>,CC(=O)NCc1cccnc1,0.6744738853120721,1.666563115453556,0.7177,41.99,0.984,1.0,0.964
<rdkit.Chem.rdchem.Mol object at 0x14d5076e39a0>,Cc1cccc(C2=CC(=O)c3cccc(OCC(=O)NO)c3C2=O)c1,0.6597664544536113,2.432655412000818,2.3418199999999993,92.70000000000002,0.984,1.0,0.964
<rdkit.Chem.rdchem.Mol object at 0x14d50766dfa0>,C=CCC(CC(=O)NO)C(=O)N1CCOCC1,0.4017623396332212,2.9885460848384753,-0.0669999999999995,78.87,0.984,1.0,0.964
<rdkit.Chem.rdchem.Mol object at 0x14d5076e37c0>,CC(=O)Nc1ccc(Oc2ncnc3sccc23)cc1,0.800260552621495,2.0964081030837463,3.442000000000001,64.11,0.984,1.0,0.964
<rdkit.Chem.rdchem.Mol object at 0x14d5076c6940>,CN(C)c1ccc2c(c1)SCC(C(=O)NCCC(=O)NCC(=O)O)N2C(=O)CN,0.42633444243673774,3.2536410206781703,-0.7742999999999958,145.07000000000002,0.984,1.0,0.964
<rdkit.Chem.rdchem.Mol object at 0x14d5076d5280>,Cc1ccc(CNC(=O)c2cnc(NC3CC3)nc2C)cc1S(=O)(=O)N1CCOCC1,0.6656715319116379,2.4299922977668533,1.6186399999999996,113.51999999999998,0.984,1.0,0.964
<rdkit.Chem.rdchem.Mol object at 0x14d5076aafa0>,Cc1ccc(NNC2=[N+](CCS(=O)(=O)O)CCCC2)cc1,0.43482027848053745,3.0901711302105266,1.3942199999999996,81.44,0.984,1.0,0.964
<rdkit.Chem.rdchem.Mol object at 0x14d5076aaa60>,COCc1cc(CNC(=O)NC(CCc2ccccc2)CC(=O)NC2CCOCC2)ccn1,0.484651418572356,2.975842674009785,2.7138999999999998,101.58000000000001,0.984,1.0,0.964
<rdkit.Chem.rdchem.Mol object at 0x14d5077233a0>,COc1cc(CCN)ccc1O,0.7028979201076423,1.7673765264428027,0.9019999999999999,55.480000000000004,0.984,1.0,0.964
<rdkit.Chem.rdchem.Mol object at 0x14d5077231c0>,COc1cccc(CNCC(C)(C)c2ccccc2)c1OC,0.8439226690657247,1.9771350197177746,3.771200000000003,30.49,0.984,1.0,0.964
<rdkit.Chem.rdchem.Mol object at 0x14d50771cb20>,CN(CC(=O)c1ccc(N2CCOCC2)c([N+](=O)[O-])c1)CC(O)(Cn1cncn1)c1ccc(F)cc1F,0.24454943177128882,3.3772920273733744,2.0035999999999996,126.86000000000001,0.984,1.0,0.964
<rdkit.Chem.rdchem.Mol object at 0x14d5076ff0a0>,CN(C)S(=O)(=O)NC(=O)c1cc(Cl)c(OCC23CC4CC(CC(C4)C2)C3)cc1F,0.7267732733211312,3.899708004448021,3.6105000000000027,75.71000000000001,0.984,1.0,0.964
<rdkit.Chem.rdchem.Mol object at 0x14d5076f3040>,Cc1ccc(CN2CCN(C(=O)c3onc(C)c3Cl)CC2)o1,0.8680912024304717,2.459108468849287,2.495840000000001,62.72,0.984,1.0,0.964
<rdkit.Chem.rdchem.Mol object at 0x14d507757040>,CCC1=CC2=C=CC(=O)C(C)(C)C2=C(Cl)C1=O,0.6685562723909055,4.155057351071326,3.0888000000000018,34.14,0.984,1.0,0.964
<rdkit.Chem.rdchem.Mol object at 0x14d507750a00>,CN1CC2COC(CN(C)S(=O)(=O)c3ccc(C#N)cc3)C2C1,0.811918278087887,3.6623004821202425,0.7553800000000002,73.64,0.984,1.0,0.964
<rdkit.Chem.rdchem.Mol object at 0x14d5076f1c40>,CCOc1ccc(Cn2c(SCC(=O)Nc3nccs3)nnc2C(C(=O)NO)C2CCCCC2)cc1,0.19198762791205481,3.211047014702187,4.081700000000003,131.26,0.984,1.0,0.964
<rdkit.Chem.rdchem.Mol object at 0x14d50773bb80>,CN(C)c1ccc(C=Cc2cccc(C(Cl)=C(Cl)Cl)c2)cc1,0.5864336027830476,2.515589939784487,6.265500000000004,3.24,0.984,1.0,0.964
<rdkit.Chem.rdchem.Mol object at 0x14d5077352e0>,C=CCN1C(C)=CC(C)C(=O)C1c1ccc(OC)cc1,0.7865321887543261,3.5051880222060756,3.3469000000000024,29.540000000000003,0.984,1.0,0.964
<rdkit.Chem.rdchem.Mol object at 0x14d5077607c0>,CC1=COCC12CCN(c1ccc(C(F)(F)F)cc1C(=O)Nc1cc(C(=O)N(C)CCc3ccoc3)n[nH]1)CC2,0.41867553004449976,3.944467540288299,5.109100000000004,103.7,0.984,1.0,0.964
<rdkit.Chem.rdchem.Mol object at 0x14d50772fe20>,COc1cc(C=Nn2c(S)nnc2C2CC2)ccc1OCc1ccccc1,0.49857742437898017,2.426083358287725,3.9140000000000024,61.53,0.984,1.0,0.964
<rdkit.Chem.rdchem.Mol object at 0x14d507737880>,CN1CCC2(NC(=O)c3ccc(C#Cc4cnccn4)cc3)CCC3(O)C(=CCC4C5(C)CCC(O)C(C)(C)C5CCC43C)C2C1,0.3078481482590138,5.083900079943449,5.371400000000006,98.58000000000001,0.984,1.0,0.964
<rdkit.Chem.rdchem.Mol object at 0x14d50779fc40>,Cc1cc(SCCC#N)c(Br)c(Br)c1Br,0.3817051122698288,3.1606296572654546,5.288300000000001,23.79,0.984,1.0,0.964
<rdkit.Chem.rdchem.Mol object at 0x14d50779f220>,CC1(C)Cc2c(C#N)c(O)nc(N3CCOCC3)c2CO1,0.8404098849292785,2.954629018085363,1.34678,78.61,0.984,1.0,0.964
<rdkit.Chem.rdchem.Mol object at 0x14d507791d00>,CCCCCCCCCCCCCCCCCCCCCCCCCC(=O)NC(COC1OC(CO)C(O)C(O)C1O)C(O)C(O)C=CC=C(C)CCCCCCCCCCCCC,0.023221892204982917,4.980399614358741,11.595399999999987,168.94,0.984,1.0,0.964
<rdkit.Chem.rdchem.Mol object at 0x14d5077e32e0>,Cc1c(Cl)cccc1Nc1nc(-c2ccccc2C(F)(F)F)cs1,0.5677596056389833,2.1609283263780785,6.534320000000004,24.92,0.984,1.0,0.964
<rdkit.Chem.rdchem.Mol object at 0x14d5077c10a0>,Cc1ccc2oc(C(=O)N(C)Cc3ccccn3)c(C)c2c1,0.7393619338380262,2.1657285681048712,3.716840000000002,46.34,0.984,1.0,0.964
<rdkit.Chem.rdchem.Mol object at 0x14d50776f7c0>,CC(C)(C)C(=O)C1(C)CCC2(C)CCC3(C)C(=CC(=O)C4C5(C)CCC(O)C(C)(N)C5CCC43C)C2C1,0.4137242740070652,5.216675984352122,6.634400000000008,80.39,0.984,1.0,0.964
<rdkit.Chem.rdchem.Mol object at 0x14d5077d6940>,Cc1nn(Cc2ccc(C(=O)O)cc2)c(C)c1NC(=O)c1ccc(Cl)cc1,0.6926653573545991,1.9027191926072522,4.152140000000003,84.22,0.984,1.0,0.964
<rdkit.Chem.rdchem.Mol object at 0x14d5077b8d60>,COc1ccc(C2OC(c3ccccc3OC)NC2CO)cc1OC,0.8380484188373823,3.423965937061947,2.4330000000000007,69.18,0.984,1.0,0.964
<rdkit.Chem.rdchem.Mol object at 0x14d5078063a0>,Cc1ccc(C(=O)NNC(=O)CNC(=O)COc2ccc(Cl)cc2Cl)cc1,0.6369474456266891,1.9194859618380207,2.25802,96.53000000000002,0.984,1.0,0.964
<rdkit.Chem.rdchem.Mol object at 0x14d5077b77c0>,CC1=CCC2(C(C)C)CCC(C(C)(C)NC(=O)c3[nH]cnc3C(C)(C)C)=CCC1O2,0.6445356521130766,5.317004686833666,5.455900000000005,67.01,0.984,1.0,0.964
<rdkit.Chem.rdchem.Mol object at 0x14d507809280>,CCOC(=O)c1cc(CC)sc1N(C(=O)CNCCc1cccc(OC)c1)C(C)C,0.42823355846675676,2.645014162487959,4.069500000000003,67.87,0.984,1.0,0.964
<rdkit.Chem.rdchem.Mol object at 0x14d5077ff160>,CCOC(=O)c1c(C)n(Cc2ccc(-c3ccccc3C(=O)O)cc2)c2ccc(C(=O)O)cc12,0.3678586661200312,2.1989482179290896,5.238120000000004,105.83,0.984,1.0,0.964
<rdkit.Chem.rdchem.Mol object at 0x14d507801280>,COc1c(-c2ccccc2)oc2ccccc2c1=O,0.7006863107861855,1.7635102022657758,3.468600000000002,39.44,0.984,1.0,0.964
<rdkit.Chem.rdchem.Mol object at 0x14d5077f42e0>,CC(C)CC(NC(=O)C(Cc1cccc(CCNC(=O)C(N)CS)c1)NC(=O)C(CO)NC(=O)C(CO)NC(=O)C(C)N)C(=O)NC(C(N)=O)C(C)O,0.04649810191703042,4.565504009389344,-5.187100000000006,330.41999999999996,0.984,1.0,0.964
<rdkit.Chem.rdchem.Mol object at 0x14d5077f1d60>,CC1(c2cccc(NC(=O)c3ccccc3C(=O)O)c2)CCOC(N)=N1,0.781545113220968,2.8468866172850227,2.5873,114.01,0.984,1.0,0.964
<rdkit.Chem.rdchem.Mol object at 0x14d5077f4ee0>,C=CC=CC(O)C(C)C(O)c1ccccc1,0.7452404876531681,3.5099109108933435,2.4592,40.46,0.984,1.0,0.964
<rdkit.Chem.rdchem.Mol object at 0x14d5077f1b20>,Cc1nc(NC(C)c2cccc(-c3ccc(N4CCCC4)nc3)c2)cc(-c2ccc3occ(C)c3c2)n1,0.26907153332296724,3.1132538616929013,7.341940000000006,67.08000000000001,0.984,1.0,0.964
<rdkit.Chem.rdchem.Mol object at 0x14d50784fb80>,CCN(CCCNC(=O)c1ccc(C[S+]([O-])c2ccc(C(C)(C)C)cc2)o1)c1ccccc1,0.31499555278153224,3.3918845629676024,5.531300000000005,68.54,0.984,1.0,0.964
<rdkit.Chem.rdchem.Mol object at 0x14d507844a00>,CS(=O)(=O)c1ccc(S(=O)(=O)c2cc(Cl)cc3c2N(C(=O)Nc2cc(Cl)cc(Cl)c2Cl)CC3)cc1,0.3666491277525943,2.7250437793885176,6.131100000000003,100.62,0.984,1.0,0.964
<rdkit.Chem.rdchem.Mol object at 0x14d507831dc0>,CS(=O)(=O)Nc1ccc2c(c1)S(=O)(=O)CC(C1CC1)C(=O)N2,0.8431344832109261,3.2789729730865593,0.8100999999999998,109.41,0.984,1.0,0.964
<rdkit.Chem.rdchem.Mol object at 0x14d5078263a0>,C=CC(=O)N1CC(C2c3ccc(O)cc3CCc3cccnc32)C1,0.8656663341203861,3.183123205226119,2.6621000000000006,53.43000000000001,0.984,1.0,0.964
<rdkit.Chem.rdchem.Mol object at 0x14d5078a5580>,CNS(=O)(=O)c1ccc(-n2ccnc2)c(NC(=O)c2nn[nH]n2)c1,0.5651403006922768,2.6797495460714664,-0.45420000000000016,147.55,0.984,1.0,0.964
<rdkit.Chem.rdchem.Mol object at 0x14d5078a2be0>,CCc1nnc(NC(=O)CSc2nc(=O)n3cc(C)ccc3n2)s1,0.6868930161398488,2.6369180981076656,1.5426199999999999,102.14,0.984,1.0,0.964
<rdkit.Chem.rdchem.Mol object at 0x14d507831ac0>,COc1c(-c2ccc(O)c(F)c2)oc2cc(O)ccc2c1=O,0.7603383706542096,2.2895321844250933,3.0189000000000012,79.9,0.984,1.0,0.964
<rdkit.Chem.rdchem.Mol object at 0x14d507892100>,COc1ccc2cc(-c3ccnc(Nc4ccccc4)n3)ccc2c1,0.5696578948237369,1.877397805823211,5.049000000000003,47.04,0.984,1.0,0.964
<rdkit.Chem.rdchem.Mol object at 0x14d507892fa0>,COc1ccc(-n2ccc(CN3CCN(c4ccc(C)cc4C)CC3)c2)cc1,0.658292144978676,2.161063954919074,4.424940000000004,20.64,0.984,1.0,0.964
<rdkit.Chem.rdchem.Mol object at 0x14d5077e9e20>,COc1cc(Nc2nc(N)n(CC=C3CCC4CC3C4(C)C)n2)ccc1-n1cnc(C)c1,0.5562620272466646,4.661552300689779,4.489120000000004,95.80999999999999,0.984,1.0,0.964
<rdkit.Chem.rdchem.Mol object at 0x14d50787cdc0>,CCCS(=O)(=O)Nc1cc(C)c(O)c(C)c1,0.7963021677458184,2.1700858379856935,2.1607399999999997,66.4,0.984,1.0,0.964
<rdkit.Chem.rdchem.Mol object at 0x14d5078745e0>,CCc1ccc(S(=O)(=O)N2CCCC(C(=O)NC3CCC(C)CC3)C2)cc1,0.8356193829947647,2.5527280206116316,3.3446000000000016,66.48,0.984,1.0,0.964
<rdkit.Chem.rdchem.Mol object at 0x14d507870a00>,CC(C)CC(C(=O)N1CCC(Oc2ccc(C(F)(F)F)cc2)CC1)N1C(=O)C(N2C(=O)OCC2c2ccccc2)C1C=Cc1ccccc1,0.216990505819896,4.1856222691327325,6.976200000000008,79.39,0.984,1.0,0.964
<rdkit.Chem.rdchem.Mol object at 0x14d5078ded60>,COc1ccc(OC)c(S(=O)(=O)N2CCN(c3ncnc4[nH]c5c(c34)CCCC5)CC2)c1,0.6276866891436796,2.6423232808574753,2.3648000000000007,100.65,0.984,1.0,0.964
<rdkit.Chem.rdchem.Mol object at 0x14d50787cb20>,CC1=C(C(=O)O)N2C(=O)C(NC(=O)CNc3ccccc3O)C2SC1,0.4457953163747493,3.2553221373603893,0.5626000000000002,118.97000000000001,0.984,1.0,0.964
<rdkit.Chem.rdchem.Mol object at 0x14d5078b9040>,Cc1cc(C(=O)NCC2CCCN(C(=O)Cc3cccnc3)C2)no1,0.8912883813645706,2.72974084555754,1.58912,88.33,0.984,1.0,0.964
<rdkit.Chem.rdchem.Mol object at 0x14d5078da400>,COc1ccc(C2CN(CC(F)F)CCc3cc4c(cc32)NCC4)c(OC)c1OC,0.7700105225359419,3.309522805015015,3.935500000000003,42.96000000000001,0.984,1.0,0.964
<rdkit.Chem.rdchem.Mol object at 0x14d5078caee0>,CC(=O)OCC1(C)C(OC(C)=O)CCC2(C)C1CC1=C(C)CCC(C(C)=O)C12C,0.5046523676476108,4.620109160741766,4.629300000000004,69.67,0.984,1.0,0.964
<rdkit.Chem.rdchem.Mol object at 0x14d5078addc0>,CCOc1ccc(S(=O)(=O)N2CCOCC2)cc1NC(=O)CSCC(=O)Nc1cc(C)on1,0.5008235232623031,2.450767596266605,1.713019999999999,140.07,0.984,1.0,0.964
<rdkit.Chem.rdchem.Mol object at 0x14d5078b3a00>,CCCc1cc(=O)oc2ccc(OCC(=O)NC3CCCCC3)c(Cl)c12,0.7647893171311684,2.3950134811476538,4.226600000000003,68.53999999999999,0.984,1.0,0.964
<rdkit.Chem.rdchem.Mol object at 0x14d5079223a0>,CC(=O)C1(O)CCC2C3CCC4=CC(=O)C=CC4(C)C3CCC21C,0.7997467331528957,4.195314006247521,3.6144000000000025,54.37,0.984,1.0,0.964
<rdkit.Chem.rdchem.Mol object at 0x14d507924040>,CCCn1c(-c2ccc(Cl)cc2)cnc1N,0.8880552683142297,2.1347515522714087,3.1957000000000013,43.84,0.984,1.0,0.964
<rdkit.Chem.rdchem.Mol object at 0x14d507910b20>,CON=Cc1c(N)ncnc1Oc1ccc2c(cnn2-c2ccc(F)cc2)c1,0.4223607367266702,2.710424638679756,3.309400000000002,100.44,0.984,1.0,0.964
<rdkit.Chem.rdchem.Mol object at 0x14d5079013a0>,COc1ccc(-c2cc3cc(OC)c(OC)cc3oc2=O)cc1OC,0.6613083142800952,2.022285082330489,3.4944000000000024,67.13,0.984,1.0,0.964
<rdkit.Chem.rdchem.Mol object at 0x14d5078fc7c0>,CN(C)C1CCCN(C(=O)c2cc(CCl)cnc2O)C1,0.8628154339869687,3.096192292884224,1.6922,56.67,0.984,1.0,0.964
<rdkit.Chem.rdchem.Mol object at 0x14d5078f5ee0>,COc1ccc2c(c1)Nc1ncnc(N3CCCCC3)c1N2,0.7566886570784916,2.5686897477193025,3.2761000000000013,62.31,0.984,1.0,0.964
<rdkit.Chem.rdchem.Mol object at 0x14d507922880>,Cc1ccc(C(=O)NNC(=O)C2CCCCC2)cc1,0.801803275708418,1.6855848409604146,2.3363200000000006,58.2,0.984,1.0,0.964
<rdkit.Chem.rdchem.Mol object at 0x14d5079100a0>,Cc1c(Cc2ccccc2S(=O)(=O)NC(CCCCN)C(=O)O)c2cc(F)ccc2n1C(c1ccccc1)c1ccccc1,0.13734853614087922,3.2029074272727254,6.177820000000006,114.41999999999999,0.984,1.0,0.964
<rdkit.Chem.rdchem.Mol object at 0x14d5078ee580>,CCC(C)C1NC(=O)C(Cc2ccccc2)NC(=O)C(Cc2ccccc2)NC(=O)C(Cc2ccccc2)NC(=O)C(CC(C)C)NC1=O,0.2255599233041968,4.469755006029596,3.244300000000001,145.5,0.984,1.0,0.964
<rdkit.Chem.rdchem.Mol object at 0x14d5078f16a0>,COc1ccccc1C=CCN1CCC2(CC1)OC(c1ccccc1)c1ccccc12,0.5280465471202249,3.388370213334091,5.8193000000000055,21.700000000000003,0.984,1.0,0.964
<rdkit.Chem.rdchem.Mol object at 0x14d5078e6ee0>,CC(C)C(C(=O)Nc1nnc(CN2CCC(C(=O)O)CC2)s1)N1C(=O)c2ccccc2C1=O,0.5867781185298812,2.9861444507656394,2.0939999999999994,132.79999999999998,0.984,1.0,0.964
<rdkit.Chem.rdchem.Mol object at 0x14d5079490a0>,C=CCn1c(SCc2ccc(C(=O)O)cc2)nc2cc(C(=O)NC3CCCC(C)C3)ccc2c1=O,0.2645457223049412,3.1353378979955746,4.8815000000000035,101.28999999999999,0.984,1.0,0.964
<rdkit.Chem.rdchem.Mol object at 0x14d507943040>,CNc1ccccc1C(=O)NN=C1CCN(O)CC1,0.7175463572528109,2.6885797127552866,1.2990999999999995,76.96000000000001,0.984,1.0,0.964
<rdkit.Chem.rdchem.Mol object at 0x14d507934940>,CN(C)CCNC(=O)C(=Cc1ccccc1Cl)NC(=S)NC(=O)c1ccccc1,0.4649448327527095,2.3757418445981475,2.6632000000000007,73.47,0.984,1.0,0.964
<rdkit.Chem.rdchem.Mol object at 0x14d507947ac0>,CCCOc1ccc(-c2nnc(-c3ccc(OCCN(CC)CC)cc3)o2)cc1,0.4595370323744087,2.117083602839907,4.913000000000005,60.62000000000001,0.984,1.0,0.964
<rdkit.Chem.rdchem.Mol object at 0x14d50797f9a0>,CC(=O)Oc1cc(=O)n(OCCCCN)c2ccccc12,0.6358390198707172,2.500749748202704,1.0942999999999996,83.55,0.984,1.0,0.964
<rdkit.Chem.rdchem.Mol object at 0x14d50798e040>,CC1CC2C(C)C(CC(O)C3=CC(=O)OC3)OC3OC4(C)CCC1C32OO4,0.5927580843708509,6.3476857903044435,2.0809999999999995,83.45000000000002,0.984,1.0,0.964
<rdkit.Chem.rdchem.Mol object at 0x14d507984b80>,CCCCN(C(=O)c1ccc(OC)cc1)c1c(N)n(CCC)c(=O)[nH]c1=O,0.7340055394181534,2.2356914504035093,1.9842999999999997,110.41999999999999,0.984,1.0,0.964
<rdkit.Chem.rdchem.Mol object at 0x14d507968c40>,CN(C)Cc1ccn2c(-c3ccnc(OCC(N)=O)c3)c(-c3ccc(F)cc3)nc2c1,0.49746734942215554,2.651604927378621,3.1281000000000008,85.75,0.984,1.0,0.964
<rdkit.Chem.rdchem.Mol object at 0x14d5079c9460>,CC(=O)C1CCC2C3CCC4CC(OS(=O)(=O)O)CCC4(C)C3CCC12C,0.7117519259605193,4.255683365760246,4.4223000000000035,80.67,0.984,1.0,0.964
<rdkit.Chem.rdchem.Mol object at 0x14d50797b8e0>,CCCCCCCCc1ccc(C(=O)NCC(=O)O)cc1,0.6492028117456224,1.6837726947476845,3.4040000000000017,66.4,0.984,1.0,0.964
<rdkit.Chem.rdchem.Mol object at 0x14d5079c1c40>,COc1cccc(CNC(=O)C2(C)CCN2C(=O)Cc2ccccc2)c1,0.869150139800514,2.5724878618383205,2.5451000000000006,58.64,0.984,1.0,0.964
<rdkit.Chem.rdchem.Mol object at 0x14d5079c1b80>,COC(=O)C1(Cc2ccc(O)cc2)C2c3cc(C(=O)N(C)Cc4ccccc4)n(Cc4ccc(O)c(OC)c4)c3CC2CN1C(=O)c1ccccc1,0.17705280188882397,4.1277158451733555,5.794800000000007,121.54000000000002,0.984,1.0,0.964
<rdkit.Chem.rdchem.Mol object at 0x14d5079b8f40>,CN(C)CCCn1c2c(c3ccccc3c1=O)C(=O)c1ccccc1-2,0.5763908796080056,2.1663225254507488,3.164600000000002,42.31,0.984,1.0,0.964
<rdkit.Chem.rdchem.Mol object at 0x14d5079badc0>,COC(=O)Oc1ccc(C=Cc2ccccc2OC(=O)CCc2ccc(O)cc2)cc1,0.2443623033102005,2.2606091487190785,5.246000000000005,82.06,0.984,1.0,0.964
<rdkit.Chem.rdchem.Mol object at 0x14d5079b0d00>,CC(C)C(NC(=O)OCc1ccccc1)C(=O)NC(CCCCNC(=O)OCc1ccccc1)C(=O)NC(C(=O)c1ccccc1)c1ccccc1,0.07044704385342736,3.5841745274488153,6.259300000000006,151.93,0.984,1.0,0.964
<rdkit.Chem.rdchem.Mol object at 0x14d5079b0460>,CC1(C)C2=NS(=O)(=O)c3cc(NS(C)(=O)=O)ccc3N2CCS1(=O)=O,0.7394666689856746,3.3742575298829376,0.17230000000000034,130.04999999999998,0.984,1.0,0.964
<rdkit.Chem.rdchem.Mol object at 0x14d507a25ca0>,COc1ccc(C2CC(=O)Oc3cc(C)cc(O)c32)cc1,0.6796137980884578,2.7615730277270156,3.150220000000002,55.760000000000005,0.984,1.0,0.964
<rdkit.Chem.rdchem.Mol object at 0x14d507a251c0>,CN1C(=O)NC(C)(CC(=O)O)C(=O)NC(CC(N)=O)C(=O)NC2(CCCC2)C(=O)NC(Cc2ccc(O)cc2O)C1=O,0.186749316522101,5.1641675037575325,-1.670699999999993,257.56,0.984,1.0,0.964
<rdkit.Chem.rdchem.Mol object at 0x14d507a1d700>,CCCCOc1nnc(Cc2cc(O)nc(O)n2)n1C,0.7525592717451921,3.1505874986881404,0.7859999999999998,106.18,0.984,1.0,0.964
<rdkit.Chem.rdchem.Mol object at 0x14d507a08340>,Cc1cnc(N2CC3CNCC3C2)nc1,0.720465101643869,3.3744345763877863,0.4406199999999996,41.050000000000004,0.984,1.0,0.964
<rdkit.Chem.rdchem.Mol object at 0x14d507a0d100>,Cc1nn(C)c2c1cnn2CC(=O)Nc1ccccc1F,0.7993173227336253,2.368293685621218,1.8560199999999998,64.74,0.984,1.0,0.964
<rdkit.Chem.rdchem.Mol object at 0x14d507a04040>,Cc1cc(C(=O)N2CCCC(c3ccc(C#N)cc3)(C3CCC(N)CC3)C2)[nH]n1,0.838586481596378,3.4327511249707046,3.2813000000000008,98.8,0.984,1.0,0.964
<rdkit.Chem.rdchem.Mol object at 0x14d5079f7520>,CN1CCN(C(=O)c2ccnc(-c3ccc(C(N)=O)cc3)n2)CC1,0.8933700210831148,2.099646604894996,0.6300999999999998,92.42,0.984,1.0,0.964
<rdkit.Chem.rdchem.Mol object at 0x14d507a01c40>,CC(C)CC(NC(=O)C(NC(=O)c1ccc(-c2ccccc2)cc1)C(C)O)C(=O)Nc1cccc2ccccc12,0.22426336895812157,3.0893497807107204,5.155600000000004,107.53,0.984,1.0,0.964
<rdkit.Chem.rdchem.Mol object at 0x14d507a54e20>,CNC(=O)c1cn(C)c2cc(-n3cc(-c4ccncc4)nn3)ccc2c1=O,0.5979807175200244,2.5493159718280314,1.5407999999999997,94.70000000000002,0.984,1.0,0.964
<rdkit.Chem.rdchem.Mol object at 0x14d507a511c0>,Cc1ccc(S(=O)(=O)CCN2C(=O)C(=Cc3ccco3)SC2=S)cc1,0.5737330619935579,2.3966831043085097,3.2631200000000025,67.59,0.984,1.0,0.964
<rdkit.Chem.rdchem.Mol object at 0x14d507a63d00>,Cc1nc(NC(C)c2cc3cccc(C)c3c(=O)n2-c2ccccc2)cc(-c2ccc3ncsc3c2)n1,0.27859178784192956,3.211815184482263,6.847340000000005,72.7,0.984,1.0,0.964
<rdkit.Chem.rdchem.Mol object at 0x14d507a54880>,CCOC(=O)N1CCN(Cc2ccc(NC(=O)c3ccc(C(C)C)cc3)cc2)CC1,0.7711190569300044,1.8929105938241637,4.336400000000004,61.88,0.984,1.0,0.964
<rdkit.Chem.rdchem.Mol object at 0x14d507aa2d60>,CN(C)CCn1c(=O)n(C)c(=O)c2ccc3c(N)c(S(=O)(=O)c4cc(C(=O)O)c5ccccc5c4)ccc3c21,0.24432104897922413,2.8357747680973855,2.681400000000001,144.7,0.984,1.0,0.964
<rdkit.Chem.rdchem.Mol object at 0x14d507a2b2e0>,COc1nc(NCCN2CCOCC2)nc(-n2ccnc2C)n1,0.8027156262415769,2.622811414764879,0.11842000000000019,90.22,0.984,1.0,0.964
<rdkit.Chem.rdchem.Mol object at 0x14d507a92400>,COc1c(OC2CC(C)C3(CO3)C(O)C(C)(C)O2)c(F)c2c(=O)c(C(=O)O)cn(C3CC3)c2c1Cl,0.5852026018184193,5.096291234005209,3.5055000000000023,119.75,0.984,1.0,0.964
<rdkit.Chem.rdchem.Mol object at 0x14d507a812e0>,CN(C)CCOc1cccc(-c2cc(NC3CC3)n3ncc(C=C4N=C(O)N=C4O)c3n2)c1,0.4851834636360552,3.219564122321197,3.136,119.87,0.984,1.0,0.964
<rdkit.Chem.rdchem.Mol object at 0x14d507a6a8e0>,Cn1nnc(NC(=O)CCC(=O)N(Cc2ccc(F)cc2)Cc2cccs2)n1,0.6243728498709556,2.489638506201123,2.3583999999999996,93.00999999999999,0.984,1.0,0.964
<rdkit.Chem.rdchem.Mol object at 0x14d507ae08e0>,CCCCCCCCC=CC(CCCC)n1cnc2c(NCCCCCCCCCCCC)nc(NCCCCC)nc21,0.07218596069175373,3.4754258316911226,11.799299999999986,67.66,0.984,1.0,0.964
<rdkit.Chem.rdchem.Mol object at 0x14d507aca460>,Cc1cc(C(F)(F)F)nn1C(=O)c1ccc(F)c(F)c1,0.756038922693417,2.3280229071476075,3.1770200000000006,34.89,0.984,1.0,0.964
<rdkit.Chem.rdchem.Mol object at 0x14d507adbc40>,CC(C)(C)CN1CCC2(CN(C(=O)c3csnn3)CC2c2ccccc2)C1=O,0.7970544089617029,4.103801388913434,3.0425000000000013,66.4,0.984,1.0,0.964
<rdkit.Chem.rdchem.Mol object at 0x14d507aad9a0>,Cc1nnc(SCCN2c3ccccc3C3CCCCC32)nc1C,0.7830308664496924,3.3113389368985615,4.126940000000003,41.910000000000004,0.984,1.0,0.964
<rdkit.Chem.rdchem.Mol object at 0x14d507aa70a0>,CCN1CC(C(=O)O)C(c2ccc(OC)c(OC)c2)C1,0.8906811875188116,2.778768441786495,1.8236999999999999,59.000000000000014,0.984,1.0,0.964
<rdkit.Chem.rdchem.Mol object at 0x14d507b18700>,Cn1c(=O)c2nc(-c3ccc(F)cc3)[nH]c2n(C)c1=O,0.7119339682320682,2.3721781730138165,0.7664,72.68,0.984,1.0,0.964
<rdkit.Chem.rdchem.Mol object at 0x14d507b0bb80>,COC12CCC3CCCCC3C1CCC2NC(=O)C1CC1,0.8663621792856141,4.084843044040291,3.276600000000002,38.33,0.984,1.0,0.964
<rdkit.Chem.rdchem.Mol object at 0x14d507af58e0>,COc1ccc(C(=S)NCCC(c2ccccc2)c2ccccc2)cc1,0.5857920951403174,1.9632023639575884,5.182500000000004,21.259999999999998,0.984,1.0,0.964
<rdkit.Chem.rdchem.Mol object at 0x14d507aae6a0>,Cc1sc2cccc(Nc3ncnc4cc(OCCCN5CCN(C)CC5)ccc34)c2c1C,0.38089804481683326,2.5583670069365816,5.221240000000004,53.52000000000001,0.984,1.0,0.964
<rdkit.Chem.rdchem.Mol object at 0x14d507aed100>,COC(=O)Cc1cn(Cc2cccc(OCCCCNc3ccccn3)c2)nn1,0.3941901979787055,2.3683217541004105,2.708000000000001,91.16,0.984,1.0,0.964
<rdkit.Chem.rdchem.Mol object at 0x14d507b18e20>,Cc1cccc(OCc2ccc3ccccc3n2)c1C,0.6970344960938639,1.7910216309352052,4.430640000000003,22.12,0.984,1.0,0.964
<rdkit.Chem.rdchem.Mol object at 0x14d507b60f40>,CN(C)CC(NC(=O)Cc1ccc(F)cc1)c1ccccc1,0.889490770422964,2.258173078230186,2.787300000000001,32.34,0.984,1.0,0.964
<rdkit.Chem.rdchem.Mol object at 0x14d507b64340>,C[N+]1(C)C2CCC1CC(NC(=O)C(Cc1ccc(OCc3ccccc3)cc1)NC(=O)C1CCCC(=O)N1)C2,0.4321607095953467,4.5540631017308115,2.8476,96.53,0.984,1.0,0.964
<rdkit.Chem.rdchem.Mol object at 0x14d507b60ca0>,CC(C)CC(NC(=O)C1CCCN1C(=O)CNC(=O)SCc1ccccc1)C(=O)NC(CC1CCCCC1)C(O)P(=O)(OC(C)C)OC(C)C,0.1330341900065799,4.386466550424176,5.968000000000005,163.37,0.984,1.0,0.964
<rdkit.Chem.rdchem.Mol object at 0x14d507b53220>,COC(=O)C(C)NC(=O)N1CCCC(CC2=C(O)CCn3c2nc2ccc(F)cc23)C1,0.7263334900132128,3.6627495788375786,3.221400000000001,96.69000000000001,0.984,1.0,0.964
<rdkit.Chem.rdchem.Mol object at 0x14d507b39b20>,CCCCCS(=O)(=O)NC(=O)C=Cc1c(-c2ccc(OCC)cc2)nc2ccccn12,0.37867137850724675,2.576012794511488,4.049400000000003,89.77,0.984,1.0,0.964
<rdkit.Chem.rdchem.Mol object at 0x14d507b39ee0>,Cc1nc2cc3c(cc2[nH]1)C(C)C1CCC3C1,0.7253957820581698,4.434351446854693,3.8721200000000024,28.68,0.984,1.0,0.964
<rdkit.Chem.rdchem.Mol object at 0x14d507b29ca0>,CC(=O)c1cccc(NC(=O)CC(C)C)c1,0.7913145857910946,1.6203584932374202,2.873800000000001,46.17,0.984,1.0,0.964
<rdkit.Chem.rdchem.Mol object at 0x14d507b9d9a0>,Cc1nc(-c2ccc(Cl)cc2)sc1CCOc1ccc(CC(C)(C(=O)O)C(=O)O)cn1,0.4519292962247838,2.7496707876811097,4.506420000000003,109.61000000000001,0.984,1.0,0.964
<rdkit.Chem.rdchem.Mol object at 0x14d507b8fb80>,CC(C)OC(=O)Nc1ccc(Nc2nc3nc4c(c(-c5ccc(Cl)cc5)c3s2)C(=O)NC(CO)CO4)cc1,0.25594010711362447,3.523090319857465,5.195300000000005,134.70000000000002,0.984,1.0,0.964
<rdkit.Chem.rdchem.Mol object at 0x14d507b9adc0>,COC(=O)c1cc2cc(CCc3cc(=O)oc4cc(O)ccc34)ccc2o1,0.4373335699741136,2.3935863014983614,3.816600000000003,89.88000000000001,0.984,1.0,0.964
<rdkit.Chem.rdchem.Mol object at 0x14d507b66280>,CN1CCN(c2ncnc3c2c(-c2ccccc2)cn3-c2ccccc2)CC1,0.5498579430649764,2.1922175539305044,3.8393000000000024,37.190000000000005,0.984,1.0,0.964
<rdkit.Chem.rdchem.Mol object at 0x14d507b887c0>,Cc1nn(-c2cc(C(F)(F)F)cc(C(F)(F)F)c2)c2c1C(=O)CCC2,0.687271094012041,2.5711081822156796,4.737320000000002,34.89,0.984,1.0,0.964
<rdkit.Chem.rdchem.Mol object at 0x14d507b86220>,COc1cc(-c2nnc(C)o2)c(F)cc1-c1cc2cnc(NC(C)C)cc2nc1NC(C)(C)C,0.36757234858357274,3.047085347742165,5.833620000000004,97.99000000000001,0.984,1.0,0.964
<rdkit.Chem.rdchem.Mol object at 0x14d507bd5fa0>,CC(C)(C)C(=O)NCCN1CN(c2ccccc2F)C2(CCN(C(=O)c3ccc(C4CCCCC4)cc3)CC2)C1=O,0.5176366371725959,3.286044775286391,5.316800000000006,72.96000000000001,0.984,1.0,0.964
<rdkit.Chem.rdchem.Mol object at 0x14d507bce520>,CCOC(=O)N1CCN(C(=O)C(CCC(=O)O)NC(=O)c2cc(=O)oc3ccccc23)CC1,0.5844658794587738,2.7824569925716585,1.0569000000000004,146.45999999999998,0.984,1.0,0.964
<rdkit.Chem.rdchem.Mol object at 0x14d507be1b80>,COc1ccc([N+](=O)[O-])cc1NC(C)c1nnc2n1CCN2c1c(F)cccc1Cl,0.4573118681963634,3.1677957849762315,4.312200000000003,98.35000000000001,0.984,1.0,0.964
<rdkit.Chem.rdchem.Mol object at 0x14d507bbd7c0>,CN1C(=O)N(c2cc(Cl)cc(Cl)c2)C(=O)C12CCN(CCc1cccnc1)CC2,0.6875922790142355,3.0040664915024973,3.864100000000003,56.75000000000001,0.984,1.0,0.964
<rdkit.Chem.rdchem.Mol object at 0x14d507bbdee0>,CCOC(O)=C1C(C)=Nc2nc(SCc3ccc(F)cc3)nn2C1c1ccco1,0.46043871607017933,3.44084028159721,4.804000000000004,85.67,0.984,1.0,0.964
<rdkit.Chem.rdchem.Mol object at 0x14d507c18700>,CN1CCN(C(=O)C2CCCC2C(=O)C=Cc2cccs2)CC1,0.7956807242622352,3.2696300417465123,2.5207000000000006,40.620000000000005,0.984,1.0,0.964
<rdkit.Chem.rdchem.Mol object at 0x14d507bb7400>,CC(NC(=O)c1cnc2ccccc2c1)C(=O)Nc1ccc(N2CCCCC2)cc1,0.6769341950582255,2.4445044246124574,3.9821000000000026,74.33,0.984,1.0,0.964
<rdkit.Chem.rdchem.Mol object at 0x14d507c15c40>,C[N+]1(CCCN2CCCC3(CCCc4ccccc43)C2=O)CCCCC1,0.7501868262242981,3.811548384338815,3.9037000000000033,20.310000000000002,0.984,1.0,0.964
<rdkit.Chem.rdchem.Mol object at 0x14d507bf9ee0>,COc1ccc2c(=O)c(C(=O)C=Cc3ccc(OC)c(OC)c3)coc2c1,0.48893981652710344,2.213679807991868,3.7149000000000028,74.97000000000001,0.984,1.0,0.964
<rdkit.Chem.rdchem.Mol object at 0x14d507c15d00>,CNCc1cc(C)c(O)c(-c2csc(N)n2)c1,0.7789496707595548,2.542222391987856,2.1257200000000003,71.17,0.984,1.0,0.964
<rdkit.Chem.rdchem.Mol object at 0x14d507bfde80>,Cc1ccc(NC(=O)C(C)N2C(=O)C(NC(=O)Nc3ccc(Cl)c(Cl)c3)C(=O)N(c3ccc(C(=O)O)cc3)c3ccc(Cl)cc32)cc1,0.15510126299106333,3.4883414776937753,6.882220000000005,148.15,0.984,1.0,0.964
<rdkit.Chem.rdchem.Mol object at 0x14d507c5bb20>,COc1cc(CNCC(c2cccnc2C)N2CCN(C)CC2)c(Br)cc1O,0.6781996024768651,3.0430689408011062,2.9450200000000017,60.86,0.984,1.0,0.964
<rdkit.Chem.rdchem.Mol object at 0x14d507c48160>,CCC1CCCCN1C(=O)c1ccc2c(c1)N(Cc1ccccc1F)C(=O)c1ccccc1[S+]2[O-],0.45014988126810224,3.6655251847088612,5.557500000000005,63.68000000000001,0.984,1.0,0.964
<rdkit.Chem.rdchem.Mol object at 0x14d507c46580>,Cc1ccc(OCC[n+]2ccccc2)cc1,0.7120604177021141,2.0437193427787737,2.3615200000000005,13.11,0.984,1.0,0.964
<rdkit.Chem.rdchem.Mol object at 0x14d507c35c40>,COc1ccc(OC)c2c1NC(=O)c1cccnc1O2,0.9089375150997115,2.5343473743388056,2.4567999999999994,69.67999999999999,0.984,1.0,0.964
<rdkit.Chem.rdchem.Mol object at 0x14d507c8c640>,CN(C)c1ccc(C(=O)NCCOc2ccc3c(C4CC4)c4n(c3c2)CCNC4)cc1,0.576893812082026,2.629400678537575,3.4967000000000015,58.53000000000001,0.984,1.0,0.964
<rdkit.Chem.rdchem.Mol object at 0x14d507c87dc0>,COc1ccc2c(=O)c(C=CC(=O)O)c(-c3cc(=O)c4ccccc4o3)oc2c1,0.5298283079000112,2.5912711128908317,3.6728000000000023,106.95000000000002,0.984,1.0,0.964
<rdkit.Chem.rdchem.Mol object at 0x14d507c85dc0>,Cc1cc(C(C)(NC(=O)COc2ccccc2C(C)(C)C)C(=O)NC(C)(C)C#N)c(C)s1,0.6434211272886926,3.4725891572066976,4.491220000000004,91.22,0.984,1.0,0.964
<rdkit.Chem.rdchem.Mol object at 0x14d507c7da60>,CC(F)(F)c1ccc(Nc2nccc(Nc3c(C(N)=O)ccc4c3OCO4)n2)cc1,0.5618662501713745,2.728323987489322,3.9031000000000002,111.39,0.984,1.0,0.964
<rdkit.Chem.rdchem.Mol object at 0x14d507c7a280>,CNc1cc(C(=O)NC(C(=O)N2CCCC2C(=O)NC(C(=O)c2nc3ccccc3[nH]2)C(C)(C)C)C(C)(C)C)ccc1Cl,0.2710890986979484,3.8072101428471665,4.807300000000004,136.29000000000002,0.984,1.0,0.964
<rdkit.Chem.rdchem.Mol object at 0x14d507c77940>,C=C(C(=O)Oc1cccc(C(F)(F)F)c1)C(O)c1ccc(C(C)(C)C)cc1,0.45198306461573023,2.8498540327573796,5.198100000000005,46.53,0.984,1.0,0.964
<rdkit.Chem.rdchem.Mol object at 0x14d507c397c0>,CN1CCC(Oc2ccnc(-c3cnc4c(c3)CCCN4C(=N)O)c2)CC1,0.6408785609703745,2.9094614647966015,2.8619700000000003,85.57000000000001,0.984,1.0,0.964
<rdkit.Chem.rdchem.Mol object at 0x14d507c70c40>,CC(=O)c1cccc(N)c1,0.4677471109591079,1.5947873153934626,1.4714,43.09,0.984,1.0,0.964
<rdkit.Chem.rdchem.Mol object at 0x14d507cd6be0>,Cc1cc(O)nc(SCC(=O)OCC(=O)N2c3ccccc3C=Nc3ccccc32)n1,0.37185593223041047,2.82671459383576,3.554820000000002,104.98,0.984,1.0,0.964
<rdkit.Chem.rdchem.Mol object at 0x14d507cbbca0>,C=C1C(O)CC2C(C)(C)CCCC2(C)C1CC=C(C)C1COC(C)(O)O1,0.7379423381498836,5.034356006406478,4.173800000000004,58.92,0.984,1.0,0.964
<rdkit.Chem.rdchem.Mol object at 0x14d507cab580>,CCCCC1Oc2ccc(C(=O)N3CCOCC3)cc2N(CCCCCCC(=O)NO)C1=O,0.2980263400849915,3.0385598282651047,2.8991000000000007,108.41,0.984,1.0,0.964
<rdkit.Chem.rdchem.Mol object at 0x14d5080ecd00>,Cc1cccc(NC(=S)N2CCN(c3ccnc(NCc4ccc(C(C)C)cc4)n3)CC2)c1,0.49992511471258133,2.34829999276654,5.039520000000004,56.32,0.984,1.0,0.964
<rdkit.Chem.rdchem.Mol object at 0x14d507ccca60>,COc1cc2nc(C=C3C(=O)Nc4ccc(Cl)cc43)sc2cc1OC,0.6893982888722894,2.509100640293653,4.459600000000003,60.45,0.984,1.0,0.964
<rdkit.Chem.rdchem.Mol object at 0x14d508150580>,CCN1C(=O)CC(C(=O)c2cc3c(cc2Cl)OCCO3)C1=O,0.48062410392404203,3.0853780043986756,1.6889,72.91,0.984,1.0,0.964
<rdkit.Chem.rdchem.Mol object at 0x14d5081398e0>,Cc1ccc(-c2cscc2C(O)c2ccc(Br)cc2)cc1,0.6484064063274931,2.694080537505373,5.567720000000005,20.23,0.984,1.0,0.964
<rdkit.Chem.rdchem.Mol object at 0x14d5081345e0>,CNc1cc(-c2nc3ccc(Cl)cc3s2)nc(N2CCOCC2)n1,0.7719721842927683,2.4766613754185887,3.285000000000001,63.17,0.984,1.0,0.964
<rdkit.Chem.rdchem.Mol object at 0x14d508131280>,Cc1cc(-c2nnc(Nc3ccc(C)c(F)c3)c3ccccc23)no1,0.5837252542936229,2.3612320054074125,4.784340000000003,63.84,0.984,1.0,0.964
<rdkit.Chem.rdchem.Mol object at 0x14d50812c9a0>,Cc1ccc(CNC(=O)c2ccc3c(c2)OCO3)cc1,0.9314755998229513,1.6576282622349403,2.6537200000000007,47.56,0.984,1.0,0.964
<rdkit.Chem.rdchem.Mol object at 0x14d5080e9580>,CC(CCc1ccc(-c2cccc(C(F)(F)F)c2)cc1)(C(=O)NO)S(C)(=O)=O,0.557731967473028,2.9005500001974056,3.6137000000000015,83.47,0.984,1.0,0.964
<rdkit.Chem.rdchem.Mol object at 0x14d5081399a0>,CCC(C)OC(=O)C(C)NP(=O)(NC(C)C(=O)OCC(C)C)OCC1OC(n2cnc3c(=O)[nH]c(N)nc32)C(C)(O)C1O,0.1215613620236932,5.00171379925966,0.3329000000000036,242.23999999999995,0.984,1.0,0.964
<rdkit.Chem.rdchem.Mol object at 0x14d50819e760>,CC1c2nc(Nc3ccccc3)n(-c3ccccc3)c(=O)c2SC1(C)CN1CC2CN(CCC(C)(C)C)CC(C)(C)C2C1,0.3083431883753932,4.555865515154375,7.2700000000000085,53.400000000000006,0.984,1.0,0.964
<rdkit.Chem.rdchem.Mol object at 0x14d508195b20>,Cc1c(C(=O)NCCCN(C)C)oc2c1-c1nn(Cc3ccccc3Cl)cc1CC2,0.5811763256240032,2.6922620870368323,3.933320000000003,63.300000000000004,0.984,1.0,0.964
<rdkit.Chem.rdchem.Mol object at 0x14d50818e5e0>,CSCCC(NC(=O)C(CC(C)C)NC(=O)C(C)NC(=O)C(CCCNC(=N)N)NC(=O)C(N)CCCCNC(c1ncc(Br)[nH]1)C(C)C)C(N)=O,0.03471064858757303,4.716699659540894,0.46337000000000617,288.12,0.984,1.0,0.964
<rdkit.Chem.rdchem.Mol object at 0x14d508129b20>,Cc1ccc(S(=O)(=O)NC(=O)c2ccccc2)cc1C(=O)N1CCCCC1,0.8757422497557367,1.9190755569797222,2.7398200000000017,83.55,0.984,1.0,0.964
<rdkit.Chem.rdchem.Mol object at 0x14d50818c400>,COc1cccc(C2C(C(C)=O)=C(O)C(=O)N2CCc2c[nH]c3ccccc23)c1OC,0.6079695400837456,2.8273595596676433,3.712200000000002,91.86,0.984,1.0,0.964
<rdkit.Chem.rdchem.Mol object at 0x14d508189280>,C=CCC(CC(=NOCC)C(CCCc1cccs1)NC(=O)C(C)NC=O)C(=O)NCCCCNC(=O)CCOc1ccc2c(c1OC)C(=O)CC(C)(C)O2,0.03392672793630129,4.6498367209529095,4.899100000000005,182.74999999999994,0.984,1.0,0.964
<rdkit.Chem.rdchem.Mol object at 0x14d5081e5b20>,CC(CCC(=O)N1CCc2cc(S(=O)(=O)N3CCSCC3)ccc21)C1CCC2C3C(O)CC4CC(O)CCC4(C)C3CC(O)C12C,0.4009424446381354,4.968572840058038,4.690900000000005,118.38000000000001,0.984,1.0,0.964
<rdkit.Chem.rdchem.Mol object at 0x14d50817da60>,CCC1OC(=O)C(C)C(O)C(C)C(OC2OC(C)CC(N(C)C)C2O)C(CC=O)CC(C)C(=O)C(C)C2NC(=NO)OC12C,0.14533004896428953,6.096394855787692,1.695000000000004,176.45,0.984,1.0,0.964
<rdkit.Chem.rdchem.Mol object at 0x14d5081e3160>,CCCC(=O)c1ccc(OCCCn2cc(O)c(=O)[nH]c2=O)c(C)c1CC=C(C)CCC=C(C)C,0.23100932708474134,3.11144098586625,5.237720000000005,101.38999999999999,0.984,1.0,0.964
<rdkit.Chem.rdchem.Mol object at 0x14d5081de100>,Cc1nnc(SCc2coc(-c3ccccc3F)n2)s1,0.6834792121967311,2.4010951057362657,3.932920000000001,51.81,0.984,1.0,0.964
<rdkit.Chem.rdchem.Mol object at 0x14d5081e3a60>,Cc1ccc(-n2ncc(C(=O)NC3CCCC3)c2C2CCN(C(=O)OC(C)(C)C)CC2)cc1C,0.6654222985260465,2.4870939669169445,5.276040000000005,76.46000000000001,0.984,1.0,0.964
<rdkit.Chem.rdchem.Mol object at 0x14d5081d8160>,CN(C)c1nc2cc(Cl)c(Cl)cc2n2c(CCCOc3ccc(Cl)cc3)nnc12,0.372346231460133,2.567091000320474,5.315300000000004,55.550000000000004,0.984,1.0,0.964
<rdkit.Chem.rdchem.Mol object at 0x14d5081d4a00>,COc1ccc(C(=O)N2CCCC2c2c(O)nc3ccccc3c2OC)c(OC)c1OC,0.6231108740339868,2.9788325056229876,3.9521000000000033,90.35000000000001,0.984,1.0,0.964
<rdkit.Chem.rdchem.Mol object at 0x14d5081d8520>,Cc1ccc(C2CCCN2Cc2cn3cccc(C)c3n2)o1,0.7349948363086221,3.0131552742599617,3.8812400000000027,33.68,0.984,1.0,0.964
<rdkit.Chem.rdchem.Mol object at 0x14d5081c9e20>,Cn1nccc1-c1cc(C(F)(F)F)ccc1-c1ccc(S(=O)(=O)Nc2cscn2)cc1,0.44949106821137685,2.7151673640798517,5.030200000000003,76.88,0.984,1.0,0.964
<rdkit.Chem.rdchem.Mol object at 0x14d5081ac580>,COc1cc(S(=O)(=O)O)c2c(=O)cc(-c3cccc(OCc4ccccc4)c3)oc2c1O,0.4192045517120049,2.4711509731651677,3.9999000000000033,123.27000000000002,0.984,1.0,0.964
<rdkit.Chem.rdchem.Mol object at 0x14d508217a60>,CNC(=S)NNC(=O)c1cnn(Cc2ccccc2)c1C,0.5822899312359969,2.1887395787111803,0.9785199999999992,70.97999999999999,0.984,1.0,0.964
<rdkit.Chem.rdchem.Mol object at 0x14d5082079a0>,Cn1c(=O)c(-c2c(Cl)cccc2Cl)cc2cnc(Nc3cccc(CS(C)(=O)=O)c3)nc21,0.44089664522333477,2.5891486049715624,4.590500000000004,93.95,0.984,1.0,0.964
<rdkit.Chem.rdchem.Mol object at 0x14d5081fea00>,CCCCCCCCCN(CCC#N)C(=O)C(CCCCN1CCN(C(=O)C(Cc2ccc(Cl)cc2)NC(=O)C2Cc3ccccc3CN2)CC1)NC(=O)c1ccccn1,0.09734390203801355,4.215974995194,6.082780000000005,150.76999999999998,0.984,1.0,0.964
<rdkit.Chem.rdchem.Mol object at 0x14d5081f0d00>,CN(c1cccc(C(=O)NCc2ccccn2)c1)S(=O)(=O)c1cccc2cccnc12,0.5042480093812838,2.2637113094796657,3.384900000000002,92.26,0.984,1.0,0.964
<rdkit.Chem.rdchem.Mol object at 0x14d5081f3340>,COc1ccc(N(C(=S)OCCN2C(=O)c3ccccc3C2=O)C(C)C)cc1,0.5482752580416475,2.3974554736567466,3.5077000000000025,59.080000000000005,0.984,1.0,0.964
<rdkit.Chem.rdchem.Mol object at 0x14d5081eeca0>,CC(C)(C)c1cc(NC(=O)c2ccc(Cl)c(Nc3ncnc4cnc(N5CCNCC5)nc34)c2)no1,0.36613421537695046,2.900227460471518,3.7642000000000024,133.99,0.984,1.0,0.964
<rdkit.Chem.rdchem.Mol object at 0x14d508260f40>,CC(Nc1ccc(Cl)cc1)C(=O)NC1CCS(=O)(=O)C1,0.8812170447339012,2.8290752949333466,1.4436999999999995,75.27000000000001,0.984,1.0,0.964
<rdkit.Chem.rdchem.Mol object at 0x14d508262880>,CCOC(=O)CC1c2ccc(OCC)cc2C(NC(=O)c2ccccc2)c2c(Cl)cccc21,0.45922773273198064,3.248346416090156,5.656600000000005,64.63,0.984,1.0,0.964
<rdkit.Chem.rdchem.Mol object at 0x14d508260b20>,CCCCCCCCCCCCCCCCCCCCOCC(COP(=O)([O-])O)OCCn1cnc2c(=O)[nH]c(N)nc21,0.07908693000499185,3.9577100650552737,5.622600000000006,177.64000000000004,0.984,1.0,0.964
<rdkit.Chem.rdchem.Mol object at 0x14d50824ef40>,CN(CC(=O)Nc1ccc(F)c(F)c1)C(=O)COC(=O)c1cccc(S(=O)(=O)N(C)C)c1,0.5861581121297937,2.2147282898020197,1.4689999999999996,113.08999999999999,0.984,1.0,0.964
<rdkit.Chem.rdchem.Mol object at 0x14d508248dc0>,Cc1cccc(NC(=O)c2cc(CN3CCC(N4CCc5ccccc5C4)CC3)cc(-c3nn(C)c(=O)[nH]3)c2)c1,0.3825717550348754,2.829823066584968,4.358820000000003,86.25999999999999,0.984,1.0,0.964
<rdkit.Chem.rdchem.Mol object at 0x14d50825c340>,Cc1cccc(NC(=O)c2cc3c(CO)c(C)c(C)cc3oc2=O)c1,0.7173996436221715,2.259176319788681,3.462860000000001,79.53999999999999,0.984,1.0,0.964
<rdkit.Chem.rdchem.Mol object at 0x14d508232520>,CC1OC(F)(F)C(C(=O)NC2C(OC(=O)NCCCCCCCN=C(N)N)C=C(C(=O)O)OC2C(O)CO)=C1Br,0.07676366854197114,4.950058882766035,0.1709000000000031,228.04999999999995,0.984,1.0,0.964
<rdkit.Chem.rdchem.Mol object at 0x14d50822aac0>,CCCCCCCCCc1ccc(C(=O)NCC(N)C(=O)O)cc1,0.5120647292784545,2.3416580333479526,3.1214000000000004,92.42,0.984,1.0,0.964
<rdkit.Chem.rdchem.Mol object at 0x14d5082286a0>,CCCn1c(CCCC(=O)Nc2cc(C)on2)nc2ccccc21,0.7182099194303896,2.1688341417826607,3.7041200000000023,72.95,0.984,1.0,0.964
<rdkit.Chem.rdchem.Mol object at 0x14d50822f580>,COC(=O)C(NP(=O)(OCC1OC(n2ccc(=O)[nH]c2=O)C(C)(F)C1O)Oc1ccccc1)C(C)O,0.24377515688511675,4.499259100871301,0.2388000000000004,178.40999999999994,0.984,1.0,0.964
<rdkit.Chem.rdchem.Mol object at 0x14d508280340>,COc1cccc(CNC(=O)CC2C(=O)NCCN2Cc2ccc(F)cc2)c1OC,0.6880160826259286,2.687898913612301,1.8497999999999997,79.89999999999999,0.984,1.0,0.964
<rdkit.Chem.rdchem.Mol object at 0x14d508228d60>,Cn1c(=O)c2cc(S(=O)(=O)Nc3ccccc3)cc3c(=O)n(CCc4ccccc4)c(=O)n1c32,0.40171085663619177,2.614628688576863,1.7943999999999998,111.65,0.984,1.0,0.964
<rdkit.Chem.rdchem.Mol object at 0x14d508273fa0>,Cc1sc2nc(C)n(N=Cc3c[nH]c4ccccc34)c(=O)c2c1C,0.5667325971217485,2.6483778266144533,3.746760000000002,63.04,0.984,1.0,0.964
<rdkit.Chem.rdchem.Mol object at 0x14d508275520>,CC(C)C1NC(=O)C(Cc2ccccc2)NCCOc2ccccc2CCCNC(=O)C(Cc2cccc(F)c2)NC1=O,0.3658817068796231,4.184864144636782,3.336100000000001,108.56,0.984,1.0,0.964
<rdkit.Chem.rdchem.Mol object at 0x14d508270e20>,COc1nc2c(N)ncnc2n1C1OC(CO)C(O)C1O,0.5056130599451503,3.8563835203350925,-1.9713999999999994,148.76999999999998,0.984,1.0,0.964
<rdkit.Chem.rdchem.Mol object at 0x14d5082733a0>,CC(=O)Oc1ccc(NC(C)(C)C(=O)Nc2ccc3c(c2)N(C)CCC3)cc1,0.6085264673337649,2.4250288464378116,3.823500000000003,70.66999999999999,0.984,1.0,0.964
<rdkit.Chem.rdchem.Mol object at 0x14d508324940>,COc1ccc(CCNS(=O)(=O)c2nc(O)[nH]c2C)cc1OC,0.6911895939142351,2.574124388358449,0.9619199999999997,113.54,0.984,1.0,0.964
<rdkit.Chem.rdchem.Mol object at 0x14d5082a7c40>,COc1ccc(C2CN(CCc3ccc(C(F)(F)F)cc3)CC2CNC(=O)C(F)(F)F)cc1C,0.5606755199050604,3.2778591572705897,4.959020000000004,41.57,0.984,1.0,0.964
<rdkit.Chem.rdchem.Mol object at 0x14d5083241c0>,CCOC(=O)CNC(=O)NS(=O)(=O)c1ccc(Cl)cc1,0.7845219755247226,1.930746564622206,0.8910000000000002,101.57,0.984,1.0,0.964
<rdkit.Chem.rdchem.Mol object at 0x14d5082f6160>,COC(=O)C1C(=O)C=C(N2CCOCC2)CC1c1ccccc1OC,0.6119438884767371,3.277119669038753,1.7568999999999997,65.07000000000001,0.984,1.0,0.964
<rdkit.Chem.rdchem.Mol object at 0x14d5083245e0>,Cc1nc2ccccc2n1C1CCc2cc(CCN(C)CCC(F)(F)C(F)(F)C(F)(F)F)ccc2O1,0.3170275098111447,3.481282558005039,6.565820000000006,30.290000000000003,0.984,1.0,0.964
<rdkit.Chem.rdchem.Mol object at 0x14d5082fb6a0>,CCN(CC)CC1COCc2c(I)cccc21,0.7771523569744834,3.3636533066060688,3.246800000000002,12.47,0.984,1.0,0.964
<rdkit.Chem.rdchem.Mol object at 0x14d5082f3940>,COC(=O)CC1=CCC(O)C23OC(C)(C)C(CC(OC(=O)C=Cc4ccccc4)C2(C)C1CC=C(C)CO)C3=O,0.28271260447483737,6.081875399708851,3.953500000000004,119.36000000000001,0.984,1.0,0.964
<rdkit.Chem.rdchem.Mol object at 0x14d5082eea00>,Cc1ccc(NS(=O)(=O)c2ccc(C(=O)N3CCCCC3)cc2)cc1,0.9105445598021218,1.7224343347681916,3.421920000000002,66.48,0.984,1.0,0.964
<rdkit.Chem.rdchem.Mol object at 0x14d5083604c0>,COc1cc2[nH]c(=O)cc(-c3ccccc3OC)c2cc1OC,0.8034348273098983,2.020462613210521,3.220900000000001,60.55000000000001,0.984,1.0,0.964
<rdkit.Chem.rdchem.Mol object at 0x14d5082ee160>,Cc1nc2ccccc2n1C1CC2CCC(C1)N2CCC1(c2ccc(F)cc2)CCN(C(=O)c2ccccc2)CC1,0.26182862966643167,4.137949661733949,6.916020000000008,41.370000000000005,0.984,1.0,0.964
<rdkit.Chem.rdchem.Mol object at 0x14d5082eaac0>,CC1N=C(N)N=C(N)N1c1ccc(CCc2ccc(C(=O)NCCc3ccccc3)cc2)cc1,0.48537497782084466,2.9264135197003025,3.239700000000002,109.1,0.984,1.0,0.964
<rdkit.Chem.rdchem.Mol object at 0x14d50835dc40>,CCCCc1ncc(C=C(Cc2cccs2)C(=O)O)n1Cc1ccccc1Cl,0.4567080812757165,2.6348379292780493,5.699600000000005,55.12,0.984,1.0,0.964
<rdkit.Chem.rdchem.Mol object at 0x14d50834cfa0>,CC=C1C=C(C=O)CC(Cc2c(Cl)cccc2Cl)C1,0.7156998800925725,3.63383067917537,5.017500000000003,17.07,0.984,1.0,0.964
<rdkit.Chem.rdchem.Mol object at 0x14d508356880>,CCC(C)=CC=C1C(=O)C=CC1O,0.6541730251430902,4.146600403345767,1.7689,37.3,0.984,1.0,0.964
<rdkit.Chem.rdchem.Mol object at 0x14d5083505e0>,COc1cc(C2c3cc4c(cc3C(Nc3ccc(Cl)c(Cl)c3)C3COC(=O)C23)OCO4)cc(OC)c1OC,0.37841724751857797,3.863036742121313,5.835800000000006,84.48000000000002,0.984,1.0,0.964
<rdkit.Chem.rdchem.Mol object at 0x14d50834aa00>,CC(=O)Nc1cc(C)c(C23CC4CC(CC(C4)C2)C3)cn1,0.8968064634682996,3.731443626435887,3.816220000000003,41.99,0.984,1.0,0.964
<rdkit.Chem.rdchem.Mol object at 0x14d508345fa0>,CC1CCC2Nc3c(Cl)cc(Cl)cc3C12C,0.7214123080370741,3.960235036767469,4.475100000000002,12.03,0.984,1.0,0.964
<rdkit.Chem.rdchem.Mol object at 0x14d50833e6a0>,Cc1cc(CN2CCCCC2)ccc1NC(=O)c1nc(C2CC2)cnc1Nc1cncnc1,0.5574088143495309,2.6634146030904287,4.434220000000003,95.93,0.984,1.0,0.964
<rdkit.Chem.rdchem.Mol object at 0x14d5083997c0>,COc1ccc(C(=O)c2cc3c(Cl)c(Cl)c(Cl)c(Cl)c3oc2=O)cc1,0.2390175147446335,2.4321365302942883,5.646200000000001,56.51,0.984,1.0,0.964
<rdkit.Chem.rdchem.Mol object at 0x14d5083a0820>,CCOC(=O)c1[nH]c(C)c(C(=O)O)c1C(=O)OC(C)C,0.7975181904625989,2.4144968604801953,1.76322,105.69000000000001,0.984,1.0,0.964
<rdkit.Chem.rdchem.Mol object at 0x14d508396c40>,CC1(C)CNC(=O)c2cc3ccc(C(O)=Nc4nc5c(s4)CN(CCC(=O)O)C5)cc3n2C1,0.39122877689837743,3.369528390311271,3.2940000000000014,120.04999999999998,0.984,1.0,0.964
<rdkit.Chem.rdchem.Mol object at 0x14d5083805e0>,CCCNC(=O)n1nc(NC(=O)c2ccc(C(C)(C)C)cc2)c2c(C)cc(C)nc21,0.6631598877832037,2.5740796612560146,4.565640000000005,88.91000000000001,0.984,1.0,0.964
<rdkit.Chem.rdchem.Mol object at 0x14d508374ee0>,CCCCCC1CCCC(N)=N1,0.6433630718520539,3.1631645418294596,2.4764,38.379999999999995,0.984,1.0,0.964
<rdkit.Chem.rdchem.Mol object at 0x14d5083671c0>,CC1(c2ccc(Nc3ccnc4cc(Cl)ccc34)cc2)CC(c2ccc(C(F)(F)F)cc2)=NO1,0.3247549961633703,3.076238168100505,7.690400000000006,46.510000000000005,0.984,1.0,0.964
<rdkit.Chem.rdchem.Mol object at 0x14d50837c400>,CC1(C)C2CCC1(CS(=O)(=O)N1CCC3(CCc4ccccc43)CC1)C(=O)C2,0.7761222939290495,4.698614265458087,3.691600000000003,54.45,0.984,1.0,0.964
<rdkit.Chem.rdchem.Mol object at 0x14d5083e5700>,CC1(C)SC2C(NC(=O)C(Cc3ccc([N+](=O)[O-])cc3)NC(=O)C3NCC4(CC4)CC3c3ccccc3)C(=O)N2C1C(=O)O,0.18613664773037308,4.880397648629162,2.1796999999999986,170.98,0.984,1.0,0.964
<rdkit.Chem.rdchem.Mol object at 0x14d5083dc520>,COC(c1ccc(C#Cc2ccc(=O)n(C)c2)cc1)C(Oc1nc(Nc2ccc(C#N)cc2)nc(N2CCC[S+]([O-])C2)n1)C(C)C,0.20868677063961089,4.676049903775344,4.292780000000003,141.25,0.984,1.0,0.964
<rdkit.Chem.rdchem.Mol object at 0x14d5083e5dc0>,Cc1cccc(C(=O)NC(C)c2ccc(SC3CCNC3)cc2)c1,0.866084098461642,2.923292333936308,3.9400200000000023,41.13,0.984,1.0,0.964
<rdkit.Chem.rdchem.Mol object at 0x14d508419100>,COc1ccc(Cl)cc1NC(=O)c1cccn(Cc2ccccc2F)c1=O,0.7218748055257845,1.9792953950364023,3.950000000000002,60.33,0.984,1.0,0.964
<rdkit.Chem.rdchem.Mol object at 0x14d5083aa2e0>,CN1CCN(c2nc(Oc3ccc(CN4CCC(NC(=O)CN5C(=O)c6ccccc6C5=O)CC4)cc3)nc(Oc3ccccn3)n2)CC1,0.24903798203862954,2.962026844303235,2.979800000000002,146.21999999999997,0.984,1.0,0.964
<rdkit.Chem.rdchem.Mol object at 0x14d508415700>,CC(C)c1nn(C)c(N(C)C)c1CNCc1ccc(F)cc1Cl,0.8716056028109311,2.560611485132643,3.6918000000000024,33.09,0.984,1.0,0.964
<rdkit.Chem.rdchem.Mol object at 0x14d5084133a0>,Cc1cccc(NC2=C(Cl)C(=O)c3ncccc3C2=O)c1,0.9236317693594935,2.292520021996708,3.331520000000001,59.06,0.984,1.0,0.964
<rdkit.Chem.rdchem.Mol object at 0x14d50840f040>,CCCCC(=O)N(CCCC)c1c(CCC)nc2c(OCC(=O)O)cccn12,0.5913636984335189,2.727851331644912,4.073500000000003,84.14,0.984,1.0,0.964
<rdkit.Chem.rdchem.Mol object at 0x14d50840b9a0>,COC(=O)Nc1cc(C(=O)c2ccccc2F)ccc1O,0.6725714615428449,1.9099112596894638,2.940600000000001,75.63,0.984,1.0,0.964
<rdkit.Chem.rdchem.Mol object at 0x14d508404f40>,COC(=O)c1cc2occ(C)c2n1CC(=O)Nc1ccccc1Cl,0.7321057189615866,2.4622495663321544,3.6214200000000023,73.47,0.984,1.0,0.964
<rdkit.Chem.rdchem.Mol object at 0x14d508400280>,CCOC(=O)c1cnn(-c2nc(-c3cccs3)c(CC)s2)c1N,0.7147560268564546,2.6883648617312286,3.3786000000000014,83.03,0.984,1.0,0.964
<rdkit.Chem.rdchem.Mol object at 0x14d508419580>,COC(=O)C12OCC34C(CC5C(C)=C(OC6OC(CO)C(O)C(O)C6O)C(=O)C(C)=C5C3C(O)C1O)OC(=O)C(O)C24,0.15349177183586385,6.9278776599709,-3.821499999999995,238.96999999999997,0.984,1.0,0.964
<rdkit.Chem.rdchem.Mol object at 0x14d5083f4760>,Cc1ccccc1Nc1cc(-c2ccccc2)nc2ccccc12,0.5052225214322792,1.724492608973767,5.953820000000005,24.92,0.984,1.0,0.964
<rdkit.Chem.rdchem.Mol object at 0x14d5083ea5e0>,CCNC(=O)c1ccc(OC)c(-c2cccc(C(C)N(C)C)c2)c1,0.8791695178120172,2.4522281826016847,3.7345000000000033,41.57,0.984,1.0,0.964
<rdkit.Chem.rdchem.Mol object at 0x14d5084139a0>,CC(=O)c1ccc(OCCCc2c[nH]cn2)cc1,0.6274300783141422,2.2158816981812652,2.623900000000001,54.980000000000004,0.984,1.0,0.964
<rdkit.Chem.rdchem.Mol object at 0x14d5084604c0>,Cc1ccc(Cn2c3c(c4ccccc42)CCN(CC(O)CO)C3=O)s1,0.7248672631125691,3.0821947225451813,2.41102,65.69999999999999,0.984,1.0,0.964
<rdkit.Chem.rdchem.Mol object at 0x14d5083ef820>,COc1ccc(CCNC(=O)C2CCN(S(=O)(=O)N3CCC4(CC3)OCCO4)CC2)cc1OC,0.5744156998328956,3.0331123949046273,1.1582000000000023,106.64000000000001,0.984,1.0,0.964
<rdkit.Chem.rdchem.Mol object at 0x14d50845d940>,COc1ccc(S(=O)(=O)N2CCC(C(=O)NC3CCCCC3)CC2)cc1C,0.8331934187217533,2.051204301918993,2.8532200000000003,75.71000000000001,0.984,1.0,0.964
<rdkit.Chem.rdchem.Mol object at 0x14d50845df40>,CCN1C(=O)c2cccc3c(S(=O)(=O)NCCCCCCNc4c5c(nc6ccccc46)CCCC5)ccc1c23,0.21480434584325991,2.7542230665849665,6.197700000000006,91.4,0.984,1.0,0.964
<rdkit.Chem.rdchem.Mol object at 0x14d508455820>,C=C1CCC2C(C)(COC(=O)CC(C)O)C(O)CCC2(C)C1CCc1ccoc1,0.5238123441261545,4.485423553848657,4.276000000000003,79.9,0.984,1.0,0.964
<rdkit.Chem.rdchem.Mol object at 0x14d508453940>,CCOC(c1cc(Cl)cc(Cl)c1)C(O)Cn1cnc2c1NC=NCC2O,0.6950064599628835,4.320818982198057,2.8158000000000007,91.9,0.984,1.0,0.964
<rdkit.Chem.rdchem.Mol object at 0x14d50843fca0>,COc1cc(F)ccc1-c1nc2cc(Cl)ccc2c(=O)n1-c1ccc(C(C)C#N)cc1,0.42700595317278867,2.8602163235933755,5.480880000000004,67.91,0.984,1.0,0.964
<rdkit.Chem.rdchem.Mol object at 0x14d50844f0a0>,CC(C)(C)c1ccc(NC(=O)c2ccc(Nc3ccccn3)cc2)cc1,0.6677291656997117,1.8073565164906888,5.3750000000000036,54.02,0.984,1.0,0.964
<rdkit.Chem.rdchem.Mol object at 0x14d508437220>,Cc1nc2sc(C(c3ccco3)N3CCN(c4ccccn4)CC3)c(O)n2n1,0.5677886669999873,3.1436790958822094,2.7044200000000003,82.93,0.984,1.0,0.964
<rdkit.Chem.rdchem.Mol object at 0x14d5084349a0>,CCCC(=O)Oc1ccc2c(c1)CC(N(C)C)CC2,0.6163528764020118,2.683772914298739,2.811000000000001,29.54,0.984,1.0,0.964
<rdkit.Chem.rdchem.Mol object at 0x14d508446880>,Cc1cc(Oc2ncccc2C(=NO)NCCCN2CCC(C)CC2)cc(C(C)C)c1,0.20152806983203395,2.705766990315686,5.153120000000005,69.98,0.984,1.0,0.964
<rdkit.Chem.rdchem.Mol object at 0x14d508437ca0>,CC(NC(=O)c1ccc(C2CN(Cc3ccc(F)cc3)CCO2)o1)c1ccccc1,0.6533225897222185,2.990791526010508,4.4832000000000045,54.71000000000001,0.984,1.0,0.964
<rdkit.Chem.rdchem.Mol object at 0x14d508430220>,C=CC1(C)CC(=O)C2C(=C)CCC3C4CC(O)C(c5cccnc5)C4(C)CCC3C2(O)C1,0.6529029979868136,5.13145491439248,4.831000000000006,70.42,0.984,1.0,0.964
<rdkit.Chem.rdchem.Mol object at 0x14d508430c40>,CCN(CC)c1ncccc1CNC(=O)Nc1ccc(C)cc1,0.8572615313738288,2.0218706605477976,3.557920000000001,57.260000000000005,0.984,1.0,0.964
<rdkit.Chem.rdchem.Mol object at 0x14d508430100>,C=CC1(C)CCC2C(=CC3C2(C)C=CC2C(C)(COC(C)=O)C(OC(C)=O)CCC32C)C1,0.39563472326626403,5.262571795253569,6.028500000000006,52.6,0.984,1.0,0.964
<rdkit.Chem.rdchem.Mol object at 0x14d5084a0460>,Cc1cccc(N=C(S)OC(C)C(=O)NCC(c2ccco2)N(C)C)c1,0.4425265453763022,3.5269800729216554,3.3295200000000023,67.07,0.984,1.0,0.964
<rdkit.Chem.rdchem.Mol object at 0x14d5084a5fa0>,COc1ccccc1C(CNC(=O)c1ccc(Cl)c(S(=O)(=O)N2CCOCC2)c1)N1CCCC1,0.5907781823841131,2.758371871510496,2.9364000000000017,88.17999999999999,0.984,1.0,0.964
<rdkit.Chem.rdchem.Mol object at 0x14d50849bd60>,COc1ccc(CN(c2nc3ccccc3c(=O)n2-c2ccc(C)cc2)S(=O)(=O)c2ccc(Cl)cc2)cc1OC,0.2335796341371206,2.4581725020442278,5.760220000000006,90.73,0.984,1.0,0.964
<rdkit.Chem.rdchem.Mol object at 0x14d508480be0>,CCN(CC)CCN1C(=O)c2c(c3ccccc3n2C)C1c1ccc(F)cc1,0.6420345004919533,2.7855217158741343,4.204400000000003,28.48,0.984,1.0,0.964
<rdkit.Chem.rdchem.Mol object at 0x14d5084720a0>,CC(=O)OC1CCC2(C)C(=CCC3C4=CCC(C(C)CCCC(C)C)C4(C)CCC32)C1,0.31878096359979813,4.395819714213784,7.879600000000009,26.3,0.984,1.0,0.964
<rdkit.Chem.rdchem.Mol object at 0x14d5084d55e0>,CCOC(=O)C1CCN(C(=O)C2(C)CC2(Br)Br)CC1,0.5438024690081918,2.9668393990592605,2.6842000000000006,46.61,0.984,1.0,0.964
<rdkit.Chem.rdchem.Mol object at 0x14d50846a100>,CN(CCCCN1C(=O)c2cccc3cccc(c23)C1=O)c1nc2ccccc2s1,0.329834455932475,2.3127366322076863,4.962100000000004,53.510000000000005,0.984,1.0,0.964
<rdkit.Chem.rdchem.Mol object at 0x14d50851d820>,CN(CC#CCN1CCCC1)C(=O)c1ccccc1,0.7706934901577663,2.2418117407273144,1.8577999999999997,23.55,0.984,1.0,0.964
<rdkit.Chem.rdchem.Mol object at 0x14d50850fe80>,CCC(C)C(C(=O)O)N1CCCN(CC(=O)O)c2ccccc2S1(=O)=O,0.762944015048655,3.462501556438138,1.4713000000000003,115.22,0.984,1.0,0.964
<rdkit.Chem.rdchem.Mol object at 0x14d5084fd6a0>,CC(=O)NC(C)c1ccc(OC2CN(c3cc(OCC(C)C)ncn3)C2)cc1,0.7540276435194132,2.928797006114566,2.9761000000000015,76.58,0.984,1.0,0.964
<rdkit.Chem.rdchem.Mol object at 0x14d5084e6460>,CCCN1CCc2c(c3cc(O)ccc3n2-c2ccccc2)C1,0.7887507907770074,2.237090634053052,4.104200000000003,28.4,0.984,1.0,0.964
<rdkit.Chem.rdchem.Mol object at 0x14d508560160>,COc1ccc(Cl)c2c1CC1CC(C)C(=O)N1C2,0.7812867038065653,3.4660660863729866,2.641700000000001,29.54,0.984,1.0,0.964
<rdkit.Chem.rdchem.Mol object at 0x14d508558820>,Cc1cc(C)n(-c2ccc(C(=O)N3CCCCC3)cc2)n1,0.8490434697175625,1.839484389662939,3.115240000000002,38.13,0.984,1.0,0.964
<rdkit.Chem.rdchem.Mol object at 0x14d50854bfa0>,COc1ccc(Cl)cc1C(=O)N1CC(=O)Nc2ccccc21,0.9263924037978626,2.0298151686011483,2.9475000000000007,58.64,0.984,1.0,0.964
<rdkit.Chem.rdchem.Mol object at 0x14d508502be0>,CC(C)NC(=O)C1CCC(c2nc(-c3ccc(C(=O)N(C)C)cc3)c3c(N)nccn23)CC1,0.6216360663023885,2.6162856942275514,3.4787000000000017,105.62,0.984,1.0,0.964
<rdkit.Chem.rdchem.Mol object at 0x14d5084e6520>,CCCn1c(S)nnc1NC(C)C,0.7282650333070567,2.9437553544044306,1.7970999999999997,42.74,0.984,1.0,0.964
<rdkit.Chem.rdchem.Mol object at 0x14d508534e20>,CSc1ccc(CNC(=O)c2ccc(OC3CCN(CC=C(C)C)CC3)cc2)cc1,0.4701166238350354,2.283700329697046,5.147900000000005,41.57,0.984,1.0,0.964
<rdkit.Chem.rdchem.Mol object at 0x14d5085410a0>,CCOC1CN(Cc2cccc(F)c2)CC1NC(=O)c1ccco1,0.8827106099256016,3.0328033707256052,2.4380000000000006,54.71,0.984,1.0,0.964
<rdkit.Chem.rdchem.Mol object at 0x14d50852d3a0>,CSc1ccc(C=CC(=O)NCC(=O)N(CC(=O)NC2CCCC2)Cc2ccco2)cc1,0.4240124496141687,2.5357605718273764,3.2185000000000015,91.65,0.984,1.0,0.964
<rdkit.Chem.rdchem.Mol object at 0x14d508575880>,CCCCC(=S)NCc1ccc2c(ccn2-c2ccccc2)n1,0.6706423672697988,2.3960444802069,4.632700000000003,29.85,0.984,1.0,0.964
<rdkit.Chem.rdchem.Mol object at 0x14d50856e040>,Cc1nc(C(C#N)=CC(=O)Nc2ccccc2Cl)sc1C,0.6880070622377034,2.5681693498751414,3.9590200000000024,65.78,0.984,1.0,0.964
<rdkit.Chem.rdchem.Mol object at 0x14d5085e3c40>,CC(O)(c1ccc(C(F)(F)F)nc1)c1nccs1,0.91557084087357,3.1982450275235177,2.8127000000000004,46.010000000000005,0.984,1.0,0.964
<rdkit.Chem.rdchem.Mol object at 0x14d50858a8e0>,COc1cc2ncc(Nc3ccc(-n4cc(CN5CC(O)CO5)nn4)cc3)nc2cc1OC,0.4338500555558473,3.4062792124713237,2.0793999999999997,119.68,0.984,1.0,0.964
<rdkit.Chem.rdchem.Mol object at 0x14d5085e3ca0>,CC(=O)OC1CCC2(C)C(C1)CC(O)C1C2CCC2(C)C(c3ccoc3)CCC12,0.6837214756039958,4.4947964412210375,5.308400000000006,59.67,0.984,1.0,0.964
<rdkit.Chem.rdchem.Mol object at 0x14d5085e10a0>,Cc1ccc(C(=NO)N2CCCOCC2)c(Oc2ccc3ccccc3c2)n1,0.3207607510851284,2.4888867191467146,4.193620000000004,67.18,0.984,1.0,0.964
<rdkit.Chem.rdchem.Mol object at 0x14d5085dc640>,COCCN(CCOC)c1cncc(N2CCC(Oc3ccc(C(C)NC(C)=O)cc3)C2)n1,0.5199339177050837,3.441089296613888,2.4306,89.05,0.984,1.0,0.964
<rdkit.Chem.rdchem.Mol object at 0x14d5085c0580>,Cc1cc(NC(=O)CCNS(=O)(=O)c2ccc(I)cc2)no1,0.6755126064557878,2.198056774589027,1.89472,101.30000000000001,0.984,1.0,0.964
<rdkit.Chem.rdchem.Mol object at 0x14d5085a8160>,C=C1CC2OC(=O)C(O)C2(C)C2CC=C(C)C12,0.5134791753392056,4.935530854947006,1.8213,46.53,0.984,1.0,0.964
<rdkit.Chem.rdchem.Mol object at 0x14d5085ca460>,CC(=O)N1CCc2cc(F)cc(-c3cc4c([nH]3)C3(CCCCC3)N=C4O)c21,0.7927955210529248,3.7961551066834547,4.207400000000003,68.69,0.984,1.0,0.964
<rdkit.Chem.rdchem.Mol object at 0x14d5085a7ca0>,Cc1cc(C#N)cc(C)c1Oc1ccnc(NC2CCN(C)CC2)n1,0.9228719765621866,2.579823283847281,3.2635200000000015,74.07,0.984,1.0,0.964
<rdkit.Chem.rdchem.Mol object at 0x14d5085af760>,CC(=O)OC1OC2C(C1O)C(OC(=O)c1ccc(C(C)(C)C)cc1)C(OC(=O)c1ccccc1)C(C)(O)C2OC(=O)c1ccccc1,0.2828590863201275,4.4642403747612365,3.990400000000003,154.89,0.984,1.0,0.964
<rdkit.Chem.rdchem.Mol object at 0x14d50861d880>,COc1cc(F)ccc1S(=O)(=O)c1cnc2ccc(C(=O)N3CCN(C)CC3)cc2c1Nc1cccc(C(C)=NO)c1,0.13894190326746558,2.843951496804724,4.544700000000003,124.43,0.984,1.0,0.964
<rdkit.Chem.rdchem.Mol object at 0x14d508603460>,CC(C)NC(=O)C(CCCN=C(N)N)NS(=O)(=O)c1ccc(NC(=O)C(C)C)cc1,0.1906446278968378,2.773998065196011,0.5062000000000044,168.76999999999998,0.984,1.0,0.964
<rdkit.Chem.rdchem.Mol object at 0x14d5085f8c40>,Cc1oc(=O)n(C)c1-c1ccc(C(O)(c2ccccc2)C2CCC2)cc1,0.7747475555329968,2.9578758691290687,3.989720000000003,55.370000000000005,0.984,1.0,0.964
<rdkit.Chem.rdchem.Mol object at 0x14d508617160>,COc1ccc(NC(=O)NC(C)c2ccccc2)cc1,0.8918165677429031,1.9077848582136312,3.5779000000000023,50.36,0.984,1.0,0.964
<rdkit.Chem.rdchem.Mol object at 0x14d5085f8b80>,COc1ccc2cc(C3c4[nH]c5ccccc5c4CCN3C(=O)CCn3ccnc3C)ccc2c1,0.3788672380590419,2.993895414251673,5.399020000000005,63.15,0.984,1.0,0.964
<rdkit.Chem.rdchem.Mol object at 0x14d5086610a0>,CC1CC(N=C(N)O)CN1c1nc(Nc2cc(C3CC3)[nH]n2)c2cccn2n1,0.3918237169474407,4.23027832042835,1.9132999999999993,132.75,0.984,1.0,0.964
<rdkit.Chem.rdchem.Mol object at 0x14d50865bf40>,CCCCCCCC=CCC=CCCCCCCCCC(=O)Oc1ccc2c(c1)C(=O)C(=Cc1ccc(Cn3ccnc3)cc1)CO2,0.03824880060900862,3.1476210267287046,10.479299999999995,70.42,0.984,1.0,0.964
<rdkit.Chem.rdchem.Mol object at 0x14d5085f57c0>,CN1CC(C(=O)N2CCN(C(=O)OC(C)(C)C)CC2)CC1=O,0.7087054222028841,2.66426475926648,0.5440000000000003,70.16,0.984,1.0,0.964
<rdkit.Chem.rdchem.Mol object at 0x14d50862e760>,COc1ccc(C)cc1CCNC(=O)Cn1cc(CC(=O)O)c2ccccc21,0.629633901113158,2.1411064735818464,2.944320000000001,80.56,0.984,1.0,0.964
<rdkit.Chem.rdchem.Mol object at 0x14d508627a00>,CNc1nc(N)nc(OCCOC(=O)NCc2ccccc2)n1,0.6403127582707351,2.2936817310157913,0.8006999999999991,124.28000000000002,0.984,1.0,0.964
<rdkit.Chem.rdchem.Mol object at 0x14d5086521c0>,C=C(c1ccc(C#N)cc1)c1cc(C(=O)O)cc(C(=O)O)c1N(CCCl)CCCl,0.5721526174523568,2.8815358075971744,4.300180000000003,101.63,0.984,1.0,0.964
<rdkit.Chem.rdchem.Mol object at 0x14d5086a1c40>,COc1ccccc1C1CN(C(=O)C2CC(=O)N(c3ccccc3)C2)C1,0.8518101021408095,2.498096593647052,2.674100000000001,49.85,0.984,1.0,0.964
<rdkit.Chem.rdchem.Mol object at 0x14d50862eee0>,CCc1nnc(NC(=O)Cc2c(F)cccc2Cl)s1,0.943704796425742,2.125911643089104,3.074200000000001,54.88,0.984,1.0,0.964
<rdkit.Chem.rdchem.Mol object at 0x14d50869c9a0>,CC(C)CC(NC(=O)C1(C)C=CCN1C)C(=O)C(=O)NC1CCCC1,0.5379652081854677,3.6607107562862202,1.4054999999999997,78.51,0.984,1.0,0.964
<rdkit.Chem.rdchem.Mol object at 0x14d50869cc40>,COc1ccccc1Cn1c(SCCOc2ccccc2)nc2c1c(=O)[nH]c(=O)n2C,0.3359774601112787,2.3390188289265126,2.6513,91.14000000000001,0.984,1.0,0.964
<rdkit.Chem.rdchem.Mol object at 0x14d5086865e0>,Cn1c(=O)cc(OCc2cccc(-c3ccccc3)c2)c2ccccc21,0.5345631000443427,1.8860373842005043,4.784500000000004,31.23,0.984,1.0,0.964
<rdkit.Chem.rdchem.Mol object at 0x14d508668460>,CCCc1cc(-c2sc(N)nc2-c2ccccc2)cs1,0.7299882342080075,2.393520304675258,5.073300000000002,38.91,0.984,1.0,0.964
<rdkit.Chem.rdchem.Mol object at 0x14d5086953a0>,COc1ccc(CNC(=O)C2CCC(CNS(=O)(=O)c3cccc4nonc34)CC2)cc1,0.5317581289262976,2.4013369932320554,2.6325000000000003,123.42,0.984,1.0,0.964
<rdkit.Chem.rdchem.Mol object at 0x14d5086e3e80>,COc1ccc2c(c1)C1(CCC=N1)C(S)=N2,0.7421100615894434,4.41558003524725,2.728500000000001,33.95,0.984,1.0,0.964
<rdkit.Chem.rdchem.Mol object at 0x14d5086e38e0>,Cc1nn(-c2ccccc2)c2nc(Nc3ccc(N4CCOCC4)cc3)c3ccccc3c12,0.40611742023214237,2.2979966183965495,5.4623200000000045,55.21000000000001,0.984,1.0,0.964
<rdkit.Chem.rdchem.Mol object at 0x14d5086e3b80>,C=CCCCCCNC(C)C(O)C(C)C=C(C)C(=O)NC1CC(=O)OC1CC,0.19348116742325194,4.463126077582524,2.8645000000000005,87.66000000000001,0.984,1.0,0.964
<rdkit.Chem.rdchem.Mol object at 0x14d5086ca640>,COCC(C)NC(=O)C1Cc2ccccc2CN1C(=O)CCN1CCOCC1,0.7474811920267448,3.066173320428349,0.8133000000000004,71.11,0.984,1.0,0.964
<rdkit.Chem.rdchem.Mol object at 0x14d5086c8700>,COc1cc(OC)c2c(c1)C(=O)OCCCCCCCCCCCCC2=O,0.6513390211567948,2.740864197592545,5.348000000000005,61.830000000000005,0.984,1.0,0.964
<rdkit.Chem.rdchem.Mol object at 0x14d5086ddca0>,Cc1nn(C)c(N)c1C(=O)NCCc1ccccc1,0.8673994750352514,1.9719789870658815,1.2832199999999998,72.94,0.984,1.0,0.964
<rdkit.Chem.rdchem.Mol object at 0x14d5086d4a00>,CCN=C(S)NNC(=O)c1ccccc1O,0.26838913011385584,2.586289384439242,0.9322999999999999,73.72,0.984,1.0,0.964
<rdkit.Chem.rdchem.Mol object at 0x14d5086b8fa0>,CCCN(CCC(=O)O)C(=O)C(CC(C)C)NC(=O)Nc1ccc(Cl)cc1,0.5613800524492356,2.6112292435055355,3.589500000000001,98.74000000000001,0.984,1.0,0.964
<rdkit.Chem.rdchem.Mol object at 0x14d5086c4160>,Cc1cc(C)c(NC(=O)C(C(=O)c2ccccc2)=C(O)C(=O)O)c(C)c1,0.2514400522805324,2.4407387202328916,3.3299600000000007,103.7,0.984,1.0,0.964
<rdkit.Chem.rdchem.Mol object at 0x14d5086b8460>,CC(=O)c1cccc(-c2ccc(C(F)(F)F)nn2)c1,0.7825720748489203,2.121958706838127,3.365000000000002,42.85,0.984,1.0,0.964
<rdkit.Chem.rdchem.Mol object at 0x14d5086b8f40>,CC(C)N1CCCC(Oc2nc3c(c(=O)n(C)c(=O)n3C)n2CCSc2nc3ccccc3s2)C1,0.35039035448748335,3.369271679163231,3.0873000000000017,87.18000000000002,0.984,1.0,0.964
<rdkit.Chem.rdchem.Mol object at 0x14d5086a8ee0>,COc1ccc(-c2nnc3ccc(-c4ccccc4)nn23)cc1OC,0.5724687976249404,1.997228475375799,3.475500000000002,61.540000000000006,0.984,1.0,0.964
<rdkit.Chem.rdchem.Mol object at 0x14d5086b0880>,CSc1sc(-c2ccc(Cc3ccccc3)s2)c(Br)c1S(=O)(=O)Nc1ccc(C)nc1,0.2500869471032867,2.8669252070989018,7.056020000000006,59.06,0.984,1.0,0.964
<rdkit.Chem.rdchem.Mol object at 0x14d5086a8e20>,COc1cc(S(=O)(=O)ON=C2c3ccccc3-c3ccc(Cl)cc32)cc(OC)c1OC,0.3945273685170799,2.526573199623618,4.504100000000004,83.42000000000002,0.984,1.0,0.964
<rdkit.Chem.rdchem.Mol object at 0x14d50871e040>,COc1ccc(CNc2nc(C#N)nc3[nH]nc(C)c23)cn1,0.7503492033829379,2.8774662143296137,1.5486999999999997,112.4,0.984,1.0,0.964
<rdkit.Chem.rdchem.Mol object at 0x14d508707a60>,CN(C)C(=O)CNC(=O)c1ccc(OC(F)F)cc1,0.8730632841887068,1.8979629706738397,1.1059999999999994,58.64,0.984,1.0,0.964
<rdkit.Chem.rdchem.Mol object at 0x14d5086ff7c0>,CC1CC(C)CN(CCCOc2ccc3c(c2)OCCO3)C1,0.7817417997739874,2.8622027867985977,3.204600000000002,30.930000000000003,0.984,1.0,0.964
<rdkit.Chem.rdchem.Mol object at 0x14d5086f61c0>,Cc1cccc(C2=CC(=Cc3cc(Cl)c(O)c(Cl)c3)C(=O)O2)c1,0.615028046539888,2.5447051575892186,4.988720000000003,46.53,0.984,1.0,0.964
<rdkit.Chem.rdchem.Mol object at 0x14d5086ecb80>,COc1cc2ccnc(C3OCC(O)C(O)C3O)c2cc1O,0.6223705258154444,3.8151983442749646,0.10299999999999987,112.27000000000001,0.984,1.0,0.964
<rdkit.Chem.rdchem.Mol object at 0x14d508765880>,CN(C(=O)CCNC(=O)c1ccc(F)cc1)C1CCCCC1,0.909102948063532,1.8947370048294374,2.736700000000001,49.410000000000004,0.984,1.0,0.964
<rdkit.Chem.rdchem.Mol object at 0x14d50870fa60>,Cc1ccccc1-n1c(SCC(=O)N2CCOCC2)nnc1-c1ccco1,0.6300245037886354,2.2812525441165015,2.786620000000001,73.39,0.984,1.0,0.964
<rdkit.Chem.rdchem.Mol object at 0x14d5087143a0>,COc1cc(C)c(NC(=O)c2cc3ccccc3n2Cc2cc3ccccc3s2)cc1C,0.3272092135318996,2.3515886654728586,6.782040000000005,43.26,0.984,1.0,0.964
<rdkit.Chem.rdchem.Mol object at 0x14d508763400>,CCOC(=O)NN=Cc1ccc(O)c(O)c1,0.40813704824940095,2.1893295942294504,1.1778,91.15,0.984,1.0,0.964
<rdkit.Chem.rdchem.Mol object at 0x14d50875a640>,CCCN(CCC)c1ccc(C(=O)O)cc1[N+](=O)[O-],0.6055865122761109,2.167352110945332,2.9194000000000013,83.68,0.984,1.0,0.964
<rdkit.Chem.rdchem.Mol object at 0x14d508757b80>,Cn1c(=O)c2c(-c3ccc(Cl)cc3)n(CCCN3CCCCC3)cc2n(C)c1=O,0.6436443739480969,2.4746122010709435,3.235100000000002,52.17,0.984,1.0,0.964
<rdkit.Chem.rdchem.Mol object at 0x14d508743160>,CN(C)CCNC(=O)c1ccc(-c2nnc(Cc3ccc(F)c(Cl)c3)o2)cc1,0.6553477704522751,2.188346395685059,3.4113000000000016,71.26,0.984,1.0,0.964
<rdkit.Chem.rdchem.Mol object at 0x14d50873b100>,CCCc1c(OCCCCCCN2C(=O)CC(SC3=C(O)C(=O)c4ccccc4C3=O)C2=O)ccc(C(C)=O)c1O,0.18632043329853878,3.4962339139154555,5.196000000000006,138.27999999999997,0.984,1.0,0.964
<rdkit.Chem.rdchem.Mol object at 0x14d508736460>,Cc1ccc(C)c(Sc2ccc([N+](=O)[O-])cc2NC(=O)CCCCC(=O)Nc2cc(C)on2)c1,0.21236781827429554,2.5357653839209924,5.796860000000005,127.37,0.984,1.0,0.964
<rdkit.Chem.rdchem.Mol object at 0x14d50873db80>,Cc1nc(Oc2ccccc2F)ccc1C(=O)Nc1ccc(Br)cn1,0.6854729881899547,2.1815474441939777,4.731220000000002,64.11,0.984,1.0,0.964
<rdkit.Chem.rdchem.Mol object at 0x14d508732940>,CCN1CCCC1CNCc1ccc(Cl)c(Cl)c1,0.8903524477763066,2.475804469761954,3.567300000000002,15.27,0.984,1.0,0.964
<rdkit.Chem.rdchem.Mol object at 0x14d50872e400>,COc1cccc2c1OCC(CN(CCc1c[nH]c3ccc(O)cc13)Cc1ccccc1)O2,0.4099537371644679,2.984340944231832,4.7668000000000035,66.95,0.984,1.0,0.964
<rdkit.Chem.rdchem.Mol object at 0x14d508728b80>,COc1ccc(N(C(=O)c2cc(OC)c(OC)c(OC)c2)C2C=CS(=O)(=O)C2)cc1,0.6629347846458451,2.9551961954091723,2.6785000000000005,91.37,0.984,1.0,0.964
<rdkit.Chem.rdchem.Mol object at 0x14d50879e040>,COc1ccc(-c2cc(COCC34CCCCC3=CC(=O)CC4)c(CO)c(-c3ccccc3)c2)cc1,0.37988953967246414,3.2298096309321114,6.8878000000000075,55.760000000000005,0.984,1.0,0.964
<rdkit.Chem.rdchem.Mol object at 0x14d508786100>,C=C1CC2(C(=O)NCCCCCCC(=O)O)CCC(O)C3(C)C(CCC4C5(C)CCC(O)C(C)(C)C5CCC43C)C2C1O,0.17544708690636657,5.212292826896878,5.851800000000008,127.09000000000002,0.984,1.0,0.964
<rdkit.Chem.rdchem.Mol object at 0x14d50872a2e0>,Cc1nn(C2CCCC2)c2sc(C(=O)NCCN3CCC(C)CC3)cc12,0.8610229972539216,2.4904916433098148,3.9830200000000033,50.160000000000004,0.984,1.0,0.964
<rdkit.Chem.rdchem.Mol object at 0x14d50877f2e0>,Cc1nnc(-c2cccc(NC(=O)Nc3cccc(-n4cnc(-c5ccccc5)n4)c3)c2)s1,0.3710328059761666,2.4055116243037507,5.405220000000003,97.62,0.984,1.0,0.964
<rdkit.Chem.rdchem.Mol object at 0x14d50877b1c0>,CN(C)CCC(Oc1ccc(-c2ccc(-c3nc4c(C(F)(F)F)cccc4[nH]3)s2)cc1)c1ccccc1,0.22461072143267521,3.1233040793997233,8.049000000000007,41.15,0.984,1.0,0.964
<rdkit.Chem.rdchem.Mol object at 0x14d50876e100>,CC(C)(C(=O)NCc1ccc2c(c1)OCO2)c1ccccc1,0.9434059611827088,2.0110310494944503,3.0093000000000014,47.56,0.984,1.0,0.964
<rdkit.Chem.rdchem.Mol object at 0x14d50876c640>,CSc1ccc(CNC(=O)c2cnn(-c3ccc(C)c(C)c3)c2C2CCN(C(=O)OC(C)(C)C)CC2)cc1,0.37812872713392254,2.5777226142017735,6.255540000000007,76.46000000000001,0.984,1.0,0.964
<rdkit.Chem.rdchem.Mol object at 0x14d5087e1040>,CCOc1ccccc1NC(=O)CSc1nnc(-c2ccncc2)n1-c1ccccc1,0.41497428688427235,2.0859040417258115,4.458800000000004,81.93,0.984,1.0,0.964
<rdkit.Chem.rdchem.Mol object at 0x14d5087d2b80>,Cc1noc(C)c1CCC(=O)N1CCCC1c1ccc(C(C)C)cc1,0.7915874689958186,2.6564191422608356,4.711140000000005,46.34,0.984,1.0,0.964
<rdkit.Chem.rdchem.Mol object at 0x14d508c17c40>,CCCCn1nnnc1SCC(=O)Nc1ccc(OC(F)F)cc1,0.6951427496527277,2.1786938899628687,2.8054000000000014,81.93,0.984,1.0,0.964
<rdkit.Chem.rdchem.Mol object at 0x14d508c14b20>,CCOC(=O)c1ccnc(N2CCN(c3ccc(OC)cc3)CC2)c1,0.7793939249136194,1.9117050823304886,2.5935000000000006,54.900000000000006,0.984,1.0,0.964
<rdkit.Chem.rdchem.Mol object at 0x14d508c0d340>,CCCCCCCCCCN1C(=O)C(=Cc2ccc(OC)c(F)c2)NC1=S,0.3256634431755894,2.3765178646720297,5.032600000000005,41.57,0.984,1.0,0.964
<rdkit.Chem.rdchem.Mol object at 0x14d5087e38e0>,Cc1c(C=C2SC(=S)NC2=O)c(-c2ccc(Br)cc2)nn1-c1ccc(F)cc1,0.41693706917621626,2.5591148474864216,5.238120000000003,46.92,0.984,1.0,0.964
<rdkit.Chem.rdchem.Mol object at 0x14d508c001c0>,CCC(=O)Nc1nnc(-c2ccc(N(CC)CC)cc2)s1,0.8883395361377295,2.1463281054386876,3.3998000000000017,58.120000000000005,0.984,1.0,0.964
<rdkit.Chem.rdchem.Mol object at 0x14d5087dfd60>,CCN(CC)C1CCCc2cc(-c3nc(-c4cccnc4)c[nH]3)c(O)cc21,0.6980353005044765,3.464916606721877,4.563500000000004,65.04,0.984,1.0,0.964
<rdkit.Chem.rdchem.Mol object at 0x14d508bfc880>,COC(=O)c1ccc(C2c3[nH]c4ccc(OC)cc4c3CC3C(=O)N4CCCCC4C(=O)N32)cc1,0.5901563960308254,3.4828926661665065,3.2005000000000017,91.94000000000001,0.984,1.0,0.964
<rdkit.Chem.rdchem.Mol object at 0x14d508bee700>,COCCNC(=O)c1sccc1SCC(=O)Nc1cc(OC)ccc1OC,0.46274798372788095,2.234746002323851,2.872300000000001,85.89,0.984,1.0,0.964
<rdkit.Chem.rdchem.Mol object at 0x14d508beba60>,CC(=O)C1=C(O)C=C2C(=O)CCCC2C1=O,0.6752203744595483,3.699486966661251,1.2658,71.44,0.984,1.0,0.964
<rdkit.Chem.rdchem.Mol object at 0x14d508be6d00>,CCNc1nc(NC(C)C)nc(OCC(C)C)n1,0.7755530501476714,2.5294709989903446,2.1585,71.96000000000001,0.984,1.0,0.964
<rdkit.Chem.rdchem.Mol object at 0x14d508c59940>,COc1ccc(-c2ccc(C(=O)O)o2)cc1I,0.8687227698414312,2.1371104443610154,3.258000000000002,59.67,0.984,1.0,0.964
<rdkit.Chem.rdchem.Mol object at 0x14d508c4f040>,CC(NC(=O)c1ccc(NC2=NC3CS(=O)(=O)CC3S2)cc1)c1ccc([N+](=O)[O-])cc1,0.5180489532596109,3.5030042751493378,2.7661000000000016,130.77,0.984,1.0,0.964
<rdkit.Chem.rdchem.Mol object at 0x14d508c45700>,CCCCCCCCCCCNC(=O)C1CSC(c2ccc(NC(=O)Nc3ccccc3)cc2)N1,0.21987764118419303,3.080071546699811,6.681200000000006,82.26,0.984,1.0,0.964
<rdkit.Chem.rdchem.Mol object at 0x14d508c41d60>,CSCC1NC(=O)C(Cc2ccccc2)NC(=O)C2CCCN2C(=O)C(CCCCN)N(C)C(=O)C(C(C)C)NC(=O)C(Cc2c[nH]c3ccccc23)NC1=O,0.15839514759948584,5.207475023883148,1.8719000000000074,198.82999999999998,0.984,1.0,0.964
<rdkit.Chem.rdchem.Mol object at 0x14d508c3eac0>,Cn1c([N+](=O)[O-])cnc1COc1ccc(C=NNC(=O)c2ccncc2)cc1,0.3799737862014337,2.509481775431894,2.0662,124.54,0.984,1.0,0.964
<rdkit.Chem.rdchem.Mol object at 0x14d508c2bfa0>,CN(C(=O)CC(N)CCCCN)C1CN=C(Nc2ccc3ccccc3c2)NC1=O,0.48969856263202677,3.594655136558176,1.4109000000000014,125.84,0.984,1.0,0.964
<rdkit.Chem.rdchem.Mol object at 0x14d508c29820>,CC1(C)CCC2C1C(C)(C)CC2P(=S)(c1ccccc1)c1ccccc1,0.5896063719160629,4.010826358383516,5.967800000000006,0.0,0.984,1.0,0.964
<rdkit.Chem.rdchem.Mol object at 0x14d508ca58e0>,COC(=O)c1ccc2c(c1)nc(NC(=O)c1ccccc1)n2C(C)C,0.7375208626040085,2.088297609803016,3.656100000000002,73.22,0.984,1.0,0.964
<rdkit.Chem.rdchem.Mol object at 0x14d508c3bc40>,CC1=C(C)C(=O)OC(C(C)C2CCC3C4CC=C5CC(O)CCC5(C)C4CCC23C)C1,0.42139350759880634,4.66065093079381,6.214300000000008,46.53,0.984,1.0,0.964
<rdkit.Chem.rdchem.Mol object at 0x14d508c9d1c0>,Cc1cc(C)n2nc(SCc3nc(-c4ccccc4F)cn3C)nc2n1,0.5154653692502331,2.667857555991727,3.5730400000000024,60.900000000000006,0.984,1.0,0.964
<rdkit.Chem.rdchem.Mol object at 0x14d508c59f40>,CC(C)n1cc(C(=O)c2cncc(NC(=O)Cn3ccc(C(F)(F)F)n3)c2)c2cncnc21,0.44434082433047545,2.9204104433914306,3.4922000000000013,107.59,0.984,1.0,0.964
<rdkit.Chem.rdchem.Mol object at 0x14d508c97e20>,COc1cnc2ccc(C(N)=O)c(Nc3ccc(OCc4ccc(F)cc4)c(Cl)c3)c2c1,0.3894969419027881,2.2525548108659272,5.457400000000003,86.47000000000001,0.984,1.0,0.964
<rdkit.Chem.rdchem.Mol object at 0x14d508c7e760>,Cc1ccc(S(=O)(=O)NC(Cc2ccc(-c3ccc(C#N)cc3)cc2)C(=O)O)cc1,0.6082081439116253,2.4343485322289773,3.507900000000002,107.26,0.984,1.0,0.964
<rdkit.Chem.rdchem.Mol object at 0x14d508c8e700>,CCc1nc2n(n1)CC(NCc1cnc3n(c1=O)CCO3)CC2,0.8470960633533294,3.812696345615352,-0.1057999999999999,86.86,0.984,1.0,0.964
<rdkit.Chem.rdchem.Mol object at 0x14d508c74460>,COC(=O)c1cn(Cc2cccc(OC)c2)c2c(c1=O)C(c1ccc(OC)cc1)=NN(C)S2,0.40759262894508347,2.873055933735589,3.405300000000002,82.36,0.984,1.0,0.964
<rdkit.Chem.rdchem.Mol object at 0x14d508c6c220>,COc1cc2c(cc1OC)C(=O)C(=Cc1c(-n3cnc(C)c3)cc(-c3cccc(C)c3)oc1=O)C2,0.38560068071330383,2.9646595173347823,4.948940000000005,83.56,0.984,1.0,0.964
<rdkit.Chem.rdchem.Mol object at 0x14d508ce0520>,Cc1cc(OCP(=O)(O)O)c(C(=O)O)cc1NC(=O)C(NC(=O)C(N)CC[SH]=CC(N)C(=O)O)C(C)C,0.08009070066258106,4.403805465522649,-0.31647999999999676,251.60000000000002,0.984,1.0,0.964
<rdkit.Chem.rdchem.Mol object at 0x14d508cb57c0>,CN1CCN(c2cccc(-c3nc(-c4cccnc4)c(-c4ccccc4)[nH]3)n2)CC1,0.5659206193870847,2.390753548727819,3.9525000000000023,60.940000000000005,0.984,1.0,0.964
<rdkit.Chem.rdchem.Mol object at 0x14d508caa160>,COC(=O)C1Cc2[nH]c(=O)[nH]c(=O)c2CC1N(CC1CCCCC1)CC1CCCCC1,0.6755575021251047,3.762691128028413,2.7822000000000005,95.26,0.984,1.0,0.964
<rdkit.Chem.rdchem.Mol object at 0x14d508c662e0>,COc1cccc(C(O)c2nc(-c3ccc4c(c3)CNCC4)cs2)c1,0.7539782225201276,2.9006348128915764,3.546100000000002,54.38,0.984,1.0,0.964
<rdkit.Chem.rdchem.Mol object at 0x14d508d021c0>,COc1ccc(CCn2c(C(C)N)nc3cc(Cl)c(Cl)cc32)cc1,0.7191216994301165,2.602089721063223,4.614100000000003,53.07,0.984,1.0,0.964
<rdkit.Chem.rdchem.Mol object at 0x14d508d1dbe0>,CCCCc1nc(SCc2ccc(C(=O)OC)cc2)c(C(=O)OCC)n1Cc1ccc(-c2ccccc2-c2nn[nH]n2)cc1,0.11945042248372877,2.786585339515087,6.376700000000007,124.87999999999998,0.984,1.0,0.964
<rdkit.Chem.rdchem.Mol object at 0x14d508d0dca0>,Cc1cc(C)n(CC2CCCN2c2nc3cc(OC(F)(F)F)ccc3[nH]2)n1,0.7459327387970272,3.204568506441591,3.9438400000000025,58.97,0.984,1.0,0.964
<rdkit.Chem.rdchem.Mol object at 0x14d508d56d00>,CCCCCCCC(Sc1nc2ccccc2[nH]1)C(=O)N1CCC(C(=O)OCC)CC1,0.2927582795654629,2.8944140346773306,5.185800000000005,75.29,0.984,1.0,0.964
<rdkit.Chem.rdchem.Mol object at 0x14d508cf45e0>,CC(C)C(NC(=O)c1cncc(O)c1)C(=O)N1CCCC1C(=O)NC(C(=O)C(F)(F)F)C(C)C,0.514154745588548,3.5644103111848118,1.8047999999999995,128.7,0.984,1.0,0.964
<rdkit.Chem.rdchem.Mol object at 0x14d508d4d220>,CC(C)=CCCC(C)=CCCC(C)=CCSc1ccccc1C(=O)NCCNC(=O)CCCCCC(=O)NO,0.051060555237827945,2.9527877915311205,6.499800000000006,107.53000000000002,0.984,1.0,0.964
<rdkit.Chem.rdchem.Mol object at 0x14d508d4dac0>,COc1ccc2[nH]c(C)c(CCNC(=O)c3ccc4ccccc4n3)c2c1,0.5657934995108903,2.139542529885359,4.005620000000002,67.00999999999999,0.984,1.0,0.964
<rdkit.Chem.rdchem.Mol object at 0x14d508da5b20>,C[N+]1(C)CC2OC(CC2O)C1COCc1cccc(-c2ccccc2)c1,0.8394402210733259,4.622737386617681,2.847200000000001,38.69,0.984,1.0,0.964
<rdkit.Chem.rdchem.Mol object at 0x14d508da1c40>,CCc1ccc(OCCNC(=O)CCc2nc(C(C)C)no2)cc1,0.7149765919648042,2.121358595845221,2.8832000000000013,77.25,0.984,1.0,0.964
<rdkit.Chem.rdchem.Mol object at 0x14d508d9e760>,Cn1c(=O)c2cccc(Cl)c2c2cn(-c3ccccc3)nc21,0.5394275979433483,2.363444236307636,3.530800000000002,39.82,0.984,1.0,0.964
